,pred,truth
2023-12-20 01:00:00,161.12457,147.0
2023-12-20 02:00:00,154.31474,142.0
2023-12-20 03:00:00,148.21324,137.0
2023-12-20 04:00:00,142.39542,133.0
2023-12-20 05:00:00,137.7698,130.0
2023-12-20 06:00:00,132.33795,128.0
2023-12-20 07:00:00,126.50668,125.0
2023-12-20 08:00:00,122.0673,122.0
2023-12-20 09:00:00,118.7891,118.0
2023-12-20 10:00:00,111.962654,115.0
2023-12-20 11:00:00,104.34834,112.00000000000001
2023-12-20 12:00:00,98.19968,109.0
2023-12-20 13:00:00,94.53057,108.0
2023-12-20 14:00:00,93.19889,106.0
2023-12-20 15:00:00,94.36168,105.0
2023-12-20 16:00:00,98.52216,120.0
2023-12-20 17:00:00,108.82734,133.0
2023-12-20 18:00:00,116.613045,127.0
2023-12-20 19:00:00,113.816826,103.0
2023-12-20 20:00:00,108.90571,98.0
2023-12-20 21:00:00,107.79478,98.0
2023-12-20 22:00:00,105.42384,98.0
2023-12-20 23:00:00,101.250046,100.0
2023-12-21 00:00:00,96.79589,102.0
2023-12-21 01:00:00,93.82837,104.0
2023-12-21 02:00:00,93.183044,107.0
2023-12-21 03:00:00,94.27212,109.0
2023-12-21 04:00:00,96.02911,110.0
2023-12-21 05:00:00,98.108925,111.0
2023-12-21 06:00:00,99.364075,112.00000000000001
2023-12-21 07:00:00,101.207375,113.0
2023-12-21 08:00:00,105.14797,114.0
2023-12-21 09:00:00,116.29836,115.0
2023-12-21 10:00:00,119.383095,117.0
2023-12-21 11:00:00,120.20802,118.0
2023-12-21 12:00:00,122.16053,119.0
2023-12-21 13:00:00,125.173584,121.0
2023-12-21 14:00:00,132.40411,122.0
2023-12-21 15:00:00,145.27037,146.0
2023-12-21 16:00:00,168.71037,180.0
2023-12-21 17:00:00,185.65572,201.0
2023-12-21 18:00:00,186.49527,203.0
2023-12-21 19:00:00,174.48215,192.0
2023-12-21 20:00:00,157.82468,159.99999999999997
2023-12-21 21:00:00,145.33583,133.0
2023-12-21 22:00:00,137.7396,132.0
2023-12-21 23:00:00,136.99004,130.0
2023-12-22 00:00:00,130.40518,128.0
2023-12-22 01:00:00,126.6964,125.0
2023-12-22 02:00:00,122.94807,123.0
2023-12-22 03:00:00,119.43884,121.0
2023-12-22 04:00:00,116.86174,119.0
2023-12-22 05:00:00,115.54302,117.0
2023-12-22 06:00:00,114.24867,117.0
2023-12-22 07:00:00,113.89658,116.0
2023-12-22 08:00:00,112.410324,116.0
2023-12-22 09:00:00,111.74637,115.0
2023-12-22 10:00:00,110.96526,113.0
2023-12-22 11:00:00,109.19288,111.0
2023-12-22 12:00:00,106.32049,110.0
2023-12-22 13:00:00,105.03039,109.0
2023-12-22 14:00:00,112.51342,108.0
2023-12-22 15:00:00,111.910194,107.0
2023-12-22 16:00:00,114.29901,106.0
2023-12-22 17:00:00,118.38466,129.0
2023-12-22 18:00:00,134.27858,140.0
2023-12-22 19:00:00,134.56618,133.0
2023-12-22 20:00:00,127.78894,107.0
2023-12-22 21:00:00,121.96688,109.0
2023-12-22 22:00:00,124.73746,112.00000000000001
2023-12-22 23:00:00,125.90824,116.0
2023-12-23 00:00:00,126.159,120.0
2023-12-23 01:00:00,127.11863,125.0
2023-12-23 02:00:00,128.57709,131.0
2023-12-23 03:00:00,129.37885,137.0
2023-12-23 04:00:00,130.76764,142.0
2023-12-23 05:00:00,135.82834,148.0
2023-12-23 06:00:00,140.70483,151.0
2023-12-23 07:00:00,143.85281,153.0
2023-12-23 08:00:00,146.20166,155.0
2023-12-23 09:00:00,150.78143,157.0
2023-12-23 10:00:00,152.78757,159.0
2023-12-23 11:00:00,150.84872,159.99999999999997
2023-12-23 12:00:00,149.74368,161.0
2023-12-23 13:00:00,155.86267,162.0
2023-12-23 14:00:00,164.20676,162.0
2023-12-23 15:00:00,170.09958,204.0
2023-12-23 16:00:00,199.83432,223.0
2023-12-23 17:00:00,211.59514,237.0
2023-12-23 18:00:00,213.40073,242.0
2023-12-23 19:00:00,210.59549,239.0
2023-12-23 20:00:00,206.78967,226.0
2023-12-23 21:00:00,196.94815,209.0
2023-12-23 22:00:00,185.2716,175.0
2023-12-23 23:00:00,172.3622,176.0
2023-12-24 00:00:00,172.50131,177.0
2023-12-24 01:00:00,171.9762,178.0
2023-12-24 02:00:00,172.05698,179.0
2023-12-24 03:00:00,172.87987,179.0
2023-12-24 04:00:00,171.50797,180.0
2023-12-24 05:00:00,172.6153,181.0
2023-12-24 06:00:00,172.47424,182.0
2023-12-24 07:00:00,170.92946,182.0
2023-12-24 08:00:00,168.48285,182.0
2023-12-24 09:00:00,167.62672,182.0
2023-12-24 10:00:00,164.13454,182.0
2023-12-24 11:00:00,165.59242,183.0
2023-12-24 12:00:00,172.60329,184.0
2023-12-24 13:00:00,173.31569,184.0
2023-12-24 14:00:00,177.18956,185.0
2023-12-24 15:00:00,183.6055,188.0
2023-12-24 16:00:00,191.23598,207.0
2023-12-24 17:00:00,207.04797,212.0
2023-12-24 18:00:00,209.79054,210.0
2023-12-24 19:00:00,200.54338,203.0
2023-12-24 20:00:00,191.28326,185.0
2023-12-24 21:00:00,180.96098,184.0
2023-12-24 22:00:00,179.07567,184.0
2023-12-24 23:00:00,174.49692,184.0
2023-12-25 00:00:00,174.36232,184.0
2023-12-25 01:00:00,175.6624,184.0
2023-12-25 02:00:00,176.80081,184.0
2023-12-25 03:00:00,176.5794,183.0
2023-12-25 04:00:00,175.47177,183.0
2023-12-25 05:00:00,175.00154,181.0
2023-12-25 06:00:00,170.6446,180.0
2023-12-25 07:00:00,165.78888,179.0
2023-12-25 08:00:00,159.5726,179.0
2023-12-25 09:00:00,159.53296,179.0
2023-12-25 10:00:00,159.4655,178.0
2023-12-25 11:00:00,160.34003,178.0
2023-12-25 12:00:00,161.40283,178.0
2023-12-25 13:00:00,164.30046,177.0
2023-12-25 14:00:00,165.54431,176.0
2023-12-25 15:00:00,173.24634,176.0
2023-12-25 16:00:00,202.41524,201.0
2023-12-25 17:00:00,217.50066,208.0
2023-12-25 18:00:00,215.58643,208.0
2023-12-25 19:00:00,204.87546,201.0
2023-12-25 20:00:00,191.63748,182.0
2023-12-25 21:00:00,175.79085,170.99999999999997
2023-12-25 22:00:00,168.00124,169.0
2023-12-25 23:00:00,164.03543,167.0
2023-12-26 00:00:00,161.59566,165.0
2023-12-26 01:00:00,158.78401,164.0
2023-12-26 02:00:00,157.43283,162.0
2023-12-26 03:00:00,156.32654,161.0
2023-12-26 04:00:00,154.8372,159.99999999999997
2023-12-26 05:00:00,153.65456,159.99999999999997
2023-12-26 06:00:00,151.68294,159.0
2023-12-26 07:00:00,148.10944,159.0
2023-12-26 08:00:00,144.54196,158.0
2023-12-26 09:00:00,146.33401,157.0
2023-12-26 10:00:00,143.40617,156.0
2023-12-26 11:00:00,142.84608,156.0
2023-12-26 12:00:00,143.78586,155.0
2023-12-26 13:00:00,146.72311,154.0
2023-12-26 14:00:00,138.82881,154.0
2023-12-26 15:00:00,156.54468,153.0
2023-12-26 16:00:00,162.97734,153.0
2023-12-26 17:00:00,166.48859,153.0
2023-12-26 18:00:00,165.6993,153.0
2023-12-26 19:00:00,161.57286,153.0
2023-12-26 20:00:00,157.38289,154.0
2023-12-26 21:00:00,154.06749,154.0
2023-12-26 22:00:00,153.74934,155.0
2023-12-26 23:00:00,153.13368,155.0
2023-12-27 00:00:00,151.71451,155.0
2023-12-27 01:00:00,150.0913,155.0
2023-12-27 02:00:00,149.17921,156.0
2023-12-27 03:00:00,146.94212,156.0
2023-12-27 04:00:00,148.75171,156.0
2023-12-27 05:00:00,150.29193,157.0
2023-12-27 06:00:00,149.89133,157.0
2023-12-27 07:00:00,148.8423,157.0
2023-12-27 08:00:00,145.94473,157.0
2023-12-27 09:00:00,143.0714,157.0
2023-12-27 10:00:00,141.83861,156.0
2023-12-27 11:00:00,140.3616,156.0
2023-12-27 12:00:00,142.87799,157.0
2023-12-27 13:00:00,154.17084,157.0
2023-12-27 14:00:00,156.05522,157.0
2023-12-27 15:00:00,162.35483,157.0
2023-12-27 16:00:00,171.036,161.0
2023-12-27 17:00:00,177.50381,194.0
2023-12-27 18:00:00,191.84503,206.0
2023-12-27 19:00:00,194.39066,208.0
2023-12-27 20:00:00,186.89473,203.0
2023-12-27 21:00:00,177.2537,186.0
2023-12-27 22:00:00,168.0633,159.99999999999997
2023-12-27 23:00:00,159.3914,159.99999999999997
2023-12-28 00:00:00,158.445,161.0
2023-12-28 01:00:00,157.84862,161.0
2023-12-28 02:00:00,157.5792,161.0
2023-12-28 03:00:00,157.50592,161.0
2023-12-28 04:00:00,155.69771,159.99999999999997
2023-12-28 05:00:00,154.07405,159.99999999999997
2023-12-28 06:00:00,152.50194,159.99999999999997
2023-12-28 07:00:00,151.6658,159.0
2023-12-28 08:00:00,150.44348,159.0
2023-12-28 09:00:00,151.5136,159.99999999999997
2023-12-28 10:00:00,152.2306,159.0
2023-12-28 11:00:00,154.82808,159.99999999999997
2023-12-28 12:00:00,158.0593,159.99999999999997
2023-12-28 13:00:00,160.98346,159.99999999999997
2023-12-28 14:00:00,169.00597,159.99999999999997
2023-12-28 15:00:00,173.64723,170.0
2023-12-28 16:00:00,187.9661,206.0
2023-12-28 17:00:00,206.2801,220.0
2023-12-28 18:00:00,211.34857,227.0
2023-12-28 19:00:00,210.31091,224.00000000000003
2023-12-28 20:00:00,201.73094,214.0
2023-12-28 21:00:00,186.7318,198.0
2023-12-28 22:00:00,175.58218,159.99999999999997
2023-12-28 23:00:00,163.42667,161.0
2023-12-29 00:00:00,162.39444,161.0
2023-12-29 01:00:00,160.40915,162.0
2023-12-29 02:00:00,159.23146,162.0
2023-12-29 03:00:00,156.89465,163.0
2023-12-29 04:00:00,155.20729,164.0
2023-12-29 05:00:00,156.60176,165.0
2023-12-29 06:00:00,156.64162,166.0
2023-12-29 07:00:00,155.75905,166.0
2023-12-29 08:00:00,154.0722,167.0
2023-12-29 09:00:00,155.41356,167.0
2023-12-29 10:00:00,156.46446,168.0
2023-12-29 11:00:00,157.70526,168.0
2023-12-29 12:00:00,158.1636,168.0
2023-12-29 13:00:00,161.69653,168.0
2023-12-29 14:00:00,171.54439,168.0
2023-12-29 15:00:00,181.4945,168.0
2023-12-29 16:00:00,193.94205,201.0
2023-12-29 17:00:00,211.51773,211.0
2023-12-29 18:00:00,209.76863,214.0
2023-12-29 19:00:00,201.66437,210.0
2023-12-29 20:00:00,186.49034,197.0
2023-12-29 21:00:00,172.37325,166.0
2023-12-29 22:00:00,160.2094,165.0
2023-12-29 23:00:00,159.63773,165.0
2023-12-30 00:00:00,158.09128,165.0
2023-12-30 01:00:00,156.69002,165.0
2023-12-30 02:00:00,157.2035,164.0
2023-12-30 03:00:00,157.12825,163.0
2023-12-30 04:00:00,156.00983,163.0
2023-12-30 05:00:00,156.75258,162.0
2023-12-30 06:00:00,155.90485,159.99999999999997
2023-12-30 07:00:00,153.01451,159.99999999999997
2023-12-30 08:00:00,149.89636,159.0
2023-12-30 09:00:00,151.23447,158.0
2023-12-30 10:00:00,151.18745,158.0
2023-12-30 11:00:00,148.5543,157.0
2023-12-30 12:00:00,146.30086,156.0
2023-12-30 13:00:00,142.7083,155.0
2023-12-30 14:00:00,145.46918,155.0
2023-12-30 15:00:00,157.62909,154.0
2023-12-30 16:00:00,158.50739,153.0
2023-12-30 17:00:00,159.77286,152.0
2023-12-30 18:00:00,155.7017,152.0
2023-12-30 19:00:00,153.09677,151.0
2023-12-30 20:00:00,147.48401,150.0
2023-12-30 21:00:00,142.08508,145.0
2023-12-30 22:00:00,137.01361,141.0
2023-12-30 23:00:00,135.12053,137.0
2023-12-31 00:00:00,132.278,133.0
2023-12-31 01:00:00,130.94962,131.0
2023-12-31 02:00:00,131.0731,131.0
2023-12-31 03:00:00,131.44234,132.0
2023-12-31 04:00:00,131.93687,133.0
2023-12-31 05:00:00,133.0257,135.0
2023-12-31 06:00:00,133.30878,136.0
2023-12-31 07:00:00,132.8658,137.0
2023-12-31 08:00:00,131.02802,139.0
2023-12-31 09:00:00,133.36041,140.0
2023-12-31 10:00:00,134.0903,141.0
2023-12-31 11:00:00,135.24832,143.0
2023-12-31 12:00:00,135.83784,146.0
2023-12-31 13:00:00,139.25296,149.00000000000003
2023-12-31 14:00:00,136.61703,150.0
2023-12-31 15:00:00,148.19984,151.0
2023-12-31 16:00:00,160.03314,152.0
2023-12-31 17:00:00,160.81885,155.0
2023-12-31 18:00:00,156.04663,162.0
2023-12-31 19:00:00,154.18285,153.0
2023-12-31 20:00:00,149.9545,154.0
2023-12-31 21:00:00,149.91011,156.0
2023-12-31 22:00:00,150.38867,157.0
2023-12-31 23:00:00,151.92937,158.0
2024-01-01 00:00:00,153.41006,158.0
2024-01-01 01:00:00,154.83958,159.0
2024-01-01 02:00:00,156.4565,159.99999999999997
2024-01-01 03:00:00,157.54732,159.99999999999997
2024-01-01 04:00:00,157.12354,159.99999999999997
2024-01-01 05:00:00,156.53265,161.0
2024-01-01 06:00:00,155.36418,161.0
2024-01-01 07:00:00,152.74435,161.0
2024-01-01 08:00:00,150.65308,161.0
2024-01-01 09:00:00,152.97758,161.0
2024-01-01 10:00:00,154.36209,162.0
2024-01-01 11:00:00,159.1905,162.0
2024-01-01 12:00:00,161.66074,161.0
2024-01-01 13:00:00,168.32358,161.0
2024-01-01 14:00:00,180.73013,161.0
2024-01-01 15:00:00,184.82957,165.0
2024-01-01 16:00:00,198.31648,203.0
2024-01-01 17:00:00,219.34546,217.0
2024-01-01 18:00:00,224.27525,223.0
2024-01-01 19:00:00,219.95512,220.0
2024-01-01 20:00:00,209.80167,213.00000000000003
2024-01-01 21:00:00,194.26231,202.0
2024-01-01 22:00:00,181.45569,170.99999999999997
2024-01-01 23:00:00,167.77342,159.99999999999997
2024-01-02 00:00:00,164.43356,159.99999999999997
2024-01-02 01:00:00,162.38155,159.99999999999997
2024-01-02 02:00:00,160.1653,159.0
2024-01-02 03:00:00,157.45892,158.0
2024-01-02 04:00:00,156.09227,157.0
2024-01-02 05:00:00,154.52107,157.0
2024-01-02 06:00:00,152.20837,156.0
2024-01-02 07:00:00,149.13399,155.0
2024-01-02 08:00:00,147.92244,154.0
2024-01-02 09:00:00,147.19725,153.0
2024-01-02 10:00:00,146.5228,152.0
2024-01-02 11:00:00,147.85344,152.0
2024-01-02 12:00:00,151.57225,151.0
2024-01-02 13:00:00,154.42192,151.0
2024-01-02 14:00:00,166.8608,151.0
2024-01-02 15:00:00,164.65237,151.0
2024-01-02 16:00:00,168.00717,151.0
2024-01-02 17:00:00,178.23436,163.0
2024-01-02 18:00:00,188.00885,178.0
2024-01-02 19:00:00,181.91507,179.0
2024-01-02 20:00:00,173.19647,165.0
2024-01-02 21:00:00,160.06165,152.0
2024-01-02 22:00:00,156.11906,152.0
2024-01-02 23:00:00,156.8633,151.0
2024-01-03 00:00:00,154.36743,151.0
2024-01-03 01:00:00,149.68295,149.00000000000003
2024-01-03 02:00:00,146.9786,146.0
2024-01-03 03:00:00,145.49147,144.0
2024-01-03 04:00:00,144.98488,143.0
2024-01-03 05:00:00,145.89267,142.0
2024-01-03 06:00:00,142.18628,143.0
2024-01-03 07:00:00,138.60342,143.0
2024-01-03 08:00:00,136.47769,140.0
2024-01-03 09:00:00,132.868,138.0
2024-01-03 10:00:00,129.13045,138.0
2024-01-03 11:00:00,127.16399,136.0
2024-01-03 12:00:00,127.55124,135.0
2024-01-03 13:00:00,127.56641,132.0
2024-01-03 14:00:00,132.24536,129.0
2024-01-03 15:00:00,127.98211,126.0
2024-01-03 16:00:00,122.559494,122.0
2024-01-03 17:00:00,120.05531,119.0
2024-01-03 18:00:00,119.866936,116.0
2024-01-03 19:00:00,115.42697,115.0
2024-01-03 20:00:00,112.18158,114.0
2024-01-03 21:00:00,108.433395,113.0
2024-01-03 22:00:00,105.59696,113.0
2024-01-03 23:00:00,103.34685,112.00000000000001
2024-01-04 00:00:00,100.852005,111.0
2024-01-04 01:00:00,99.44936,112.00000000000001
2024-01-04 02:00:00,99.07186,112.00000000000001
2024-01-04 03:00:00,98.42951,113.0
2024-01-04 04:00:00,97.954445,113.0
2024-01-04 05:00:00,98.25178,112.00000000000001
2024-01-04 06:00:00,96.58267,112.00000000000001
2024-01-04 07:00:00,94.61232,112.00000000000001
2024-01-04 08:00:00,92.76882,116.0
2024-01-04 09:00:00,92.646645,118.0
2024-01-04 10:00:00,91.0312,120.0
2024-01-04 11:00:00,91.54845,123.0
2024-01-04 12:00:00,91.62273,125.0
2024-01-04 13:00:00,99.2109,126.0
2024-01-04 14:00:00,104.65636,128.0
2024-01-04 15:00:00,110.45978,129.0
2024-01-04 16:00:00,122.746506,131.0
2024-01-04 17:00:00,125.369255,132.0
2024-01-04 18:00:00,127.843506,133.0
2024-01-04 19:00:00,128.71515,134.0
2024-01-04 20:00:00,125.91759,132.0
2024-01-04 21:00:00,123.72267,132.0
2024-01-04 22:00:00,124.432724,133.0
2024-01-04 23:00:00,125.35369,134.0
2024-01-05 00:00:00,127.35305,135.0
2024-01-05 01:00:00,128.61134,137.0
2024-01-05 02:00:00,131.14995,139.0
2024-01-05 03:00:00,132.71132,141.0
2024-01-05 04:00:00,133.40434,143.0
2024-01-05 05:00:00,133.50908,145.0
2024-01-05 06:00:00,133.6158,146.0
2024-01-05 07:00:00,131.71191,147.0
2024-01-05 08:00:00,130.68808,146.0
2024-01-05 09:00:00,136.57399,146.0
2024-01-05 10:00:00,139.26595,146.0
2024-01-05 11:00:00,137.99171,144.0
2024-01-05 12:00:00,137.52461,143.0
2024-01-05 13:00:00,140.00246,142.0
2024-01-05 14:00:00,138.03883,142.0
2024-01-05 15:00:00,142.69804,142.0
2024-01-05 16:00:00,152.10269,142.0
2024-01-05 17:00:00,161.69154,143.0
2024-01-05 18:00:00,163.12585,144.0
2024-01-05 19:00:00,154.77724,145.0
2024-01-05 20:00:00,146.32246,143.0
2024-01-05 21:00:00,140.3101,141.0
2024-01-05 22:00:00,137.82983,138.0
2024-01-05 23:00:00,138.29388,136.0
2024-01-06 00:00:00,137.65945,134.0
2024-01-06 01:00:00,135.75325,133.0
2024-01-06 02:00:00,133.8534,131.0
2024-01-06 03:00:00,131.47598,129.0
2024-01-06 04:00:00,129.66943,127.0
2024-01-06 05:00:00,128.91267,126.0
2024-01-06 06:00:00,127.69318,125.0
2024-01-06 07:00:00,126.948906,124.0
2024-01-06 08:00:00,123.892265,124.0
2024-01-06 09:00:00,126.83081,124.0
2024-01-06 10:00:00,127.969086,124.0
2024-01-06 11:00:00,126.74218,125.0
2024-01-06 12:00:00,127.67384,126.0
2024-01-06 13:00:00,128.15834,128.0
2024-01-06 14:00:00,132.48721,129.0
2024-01-06 15:00:00,145.11008,157.0
2024-01-06 16:00:00,167.4828,183.0
2024-01-06 17:00:00,181.36998,194.0
2024-01-06 18:00:00,175.5908,190.0
2024-01-06 19:00:00,166.52426,172.0
2024-01-06 20:00:00,159.5946,138.0
2024-01-06 21:00:00,146.58365,145.0
2024-01-06 22:00:00,147.89302,150.0
2024-01-06 23:00:00,148.26677,152.0
2024-01-07 00:00:00,149.44698,153.0
2024-01-07 01:00:00,151.66489,154.0
2024-01-07 02:00:00,152.46155,156.0
2024-01-07 03:00:00,153.39401,157.0
2024-01-07 04:00:00,153.38756,158.0
2024-01-07 05:00:00,153.8179,158.0
2024-01-07 06:00:00,150.75764,159.0
2024-01-07 07:00:00,149.07156,159.0
2024-01-07 08:00:00,146.78137,159.99999999999997
2024-01-07 09:00:00,150.33076,161.0
2024-01-07 10:00:00,149.24092,161.0
2024-01-07 11:00:00,147.56631,162.0
2024-01-07 12:00:00,147.06662,163.0
2024-01-07 13:00:00,153.64183,163.0
2024-01-07 14:00:00,155.65323,164.0
2024-01-07 15:00:00,168.45726,164.0
2024-01-07 16:00:00,176.72533,172.0
2024-01-07 17:00:00,180.8927,189.0
2024-01-07 18:00:00,176.30357,192.0
2024-01-07 19:00:00,170.0483,183.0
2024-01-07 20:00:00,160.7908,164.0
2024-01-07 21:00:00,152.85226,163.0
2024-01-07 22:00:00,150.97162,162.0
2024-01-07 23:00:00,149.82637,162.0
2024-01-08 00:00:00,149.57028,162.0
2024-01-08 01:00:00,150.09778,161.0
2024-01-08 02:00:00,151.2431,159.99999999999997
2024-01-08 03:00:00,150.84718,159.99999999999997
2024-01-08 04:00:00,151.39162,159.99999999999997
2024-01-08 05:00:00,148.6094,159.99999999999997
2024-01-08 06:00:00,146.3925,159.99999999999997
2024-01-08 07:00:00,142.48877,161.0
2024-01-08 08:00:00,142.00244,161.0
2024-01-08 09:00:00,140.97739,159.99999999999997
2024-01-08 10:00:00,141.2694,159.99999999999997
2024-01-08 11:00:00,146.35031,159.0
2024-01-08 12:00:00,144.27025,159.0
2024-01-08 13:00:00,144.10062,158.0
2024-01-08 14:00:00,141.98299,158.0
2024-01-08 15:00:00,147.01936,157.0
2024-01-08 16:00:00,156.46112,157.0
2024-01-08 17:00:00,154.09117,157.0
2024-01-08 18:00:00,159.00056,156.0
2024-01-08 19:00:00,156.54259,156.0
2024-01-08 20:00:00,153.74617,155.0
2024-01-08 21:00:00,149.96756,155.0
2024-01-08 22:00:00,151.10991,155.0
2024-01-08 23:00:00,151.54063,154.0
2024-01-09 00:00:00,152.03284,154.0
2024-01-09 01:00:00,153.38788,154.0
2024-01-09 02:00:00,153.81995,155.0
2024-01-09 03:00:00,155.70378,155.0
2024-01-09 04:00:00,156.22545,155.0
2024-01-09 05:00:00,156.3438,155.0
2024-01-09 06:00:00,154.85272,155.0
2024-01-09 07:00:00,153.55492,155.0
2024-01-09 08:00:00,153.23637,154.0
2024-01-09 09:00:00,157.07057,154.0
2024-01-09 10:00:00,157.15051,153.0
2024-01-09 11:00:00,155.30872,152.0
2024-01-09 12:00:00,151.6285,152.0
2024-01-09 13:00:00,148.87494,151.0
2024-01-09 14:00:00,150.40576,151.0
2024-01-09 15:00:00,148.45174,151.0
2024-01-09 16:00:00,152.0502,150.0
2024-01-09 17:00:00,156.83197,150.0
2024-01-09 18:00:00,156.03157,149.00000000000003
2024-01-09 19:00:00,153.71024,146.0
2024-01-09 20:00:00,149.88103,146.0
2024-01-09 21:00:00,148.88605,146.0
2024-01-09 22:00:00,146.36049,145.0
2024-01-09 23:00:00,145.64516,144.0
2024-01-10 00:00:00,143.78432,143.0
2024-01-10 01:00:00,142.14935,140.0
2024-01-10 02:00:00,140.61978,138.0
2024-01-10 03:00:00,139.49904,135.0
2024-01-10 04:00:00,138.96538,133.0
2024-01-10 05:00:00,138.39946,132.0
2024-01-10 06:00:00,137.7302,131.0
2024-01-10 07:00:00,135.82822,131.0
2024-01-10 08:00:00,134.41129,131.0
2024-01-10 09:00:00,134.55124,131.0
2024-01-10 10:00:00,130.99887,131.0
2024-01-10 11:00:00,128.16386,132.0
2024-01-10 12:00:00,128.16228,133.0
2024-01-10 13:00:00,136.15128,135.0
2024-01-10 14:00:00,138.49532,136.0
2024-01-10 15:00:00,147.79633,137.0
2024-01-10 16:00:00,145.83731,138.0
2024-01-10 17:00:00,142.09999,139.0
2024-01-10 18:00:00,140.39864,140.0
2024-01-10 19:00:00,138.52267,140.0
2024-01-10 20:00:00,136.76355,141.0
2024-01-10 21:00:00,134.68364,141.0
2024-01-10 22:00:00,133.4222,141.0
2024-01-10 23:00:00,132.09282,141.0
2024-01-11 00:00:00,130.96997,140.0
2024-01-11 01:00:00,129.06757,139.0
2024-01-11 02:00:00,126.75481,138.0
2024-01-11 03:00:00,123.61797,135.0
2024-01-11 04:00:00,121.07514,132.0
2024-01-11 05:00:00,119.62525,129.0
2024-01-11 06:00:00,116.44497,125.0
2024-01-11 07:00:00,112.99696,121.0
2024-01-11 08:00:00,109.5797,119.0
2024-01-11 09:00:00,109.75322,116.0
2024-01-11 10:00:00,107.3048,115.0
2024-01-11 11:00:00,105.06327,114.0
2024-01-11 12:00:00,105.56518,112.00000000000001
2024-01-11 13:00:00,106.41776,110.0
2024-01-11 14:00:00,108.93101,109.0
2024-01-11 15:00:00,106.87181,108.0
2024-01-11 16:00:00,107.22421,108.0
2024-01-11 17:00:00,103.93739,107.0
2024-01-11 18:00:00,101.46711,107.0
2024-01-11 19:00:00,98.36485,107.0
2024-01-11 20:00:00,97.398674,107.0
2024-01-11 21:00:00,95.06803,107.0
2024-01-11 22:00:00,93.74915,106.0
2024-01-11 23:00:00,93.20442,104.0
2024-01-12 00:00:00,91.083954,103.0
2024-01-12 01:00:00,90.42367,101.0
2024-01-12 02:00:00,91.314224,100.0
2024-01-12 03:00:00,92.2925,100.0
2024-01-12 04:00:00,92.491325,99.0
2024-01-12 05:00:00,93.55023,99.0
2024-01-12 06:00:00,93.82078,99.0
2024-01-12 07:00:00,92.73667,99.0
2024-01-12 08:00:00,91.2544,99.0
2024-01-12 09:00:00,90.83369,100.0
2024-01-12 10:00:00,91.05362,100.0
2024-01-12 11:00:00,91.17436,101.0
2024-01-12 12:00:00,90.86458,101.0
2024-01-12 13:00:00,89.79818,102.0
2024-01-12 14:00:00,88.05821,102.0
2024-01-12 15:00:00,88.65684,103.0
2024-01-12 16:00:00,88.34019,102.0
2024-01-12 17:00:00,87.251045,101.0
2024-01-12 18:00:00,86.81517,100.0
2024-01-12 19:00:00,87.20608,99.0
2024-01-12 20:00:00,87.51746,97.0
2024-01-12 21:00:00,86.47108,96.0
2024-01-12 22:00:00,85.86644,95.0
2024-01-12 23:00:00,85.13229,94.0
2024-01-13 00:00:00,85.20792,94.0
2024-01-13 01:00:00,85.50188,94.0
2024-01-13 02:00:00,86.74593,95.0
2024-01-13 03:00:00,87.623764,95.0
2024-01-13 04:00:00,88.96338,96.0
2024-01-13 05:00:00,91.42143,97.0
2024-01-13 06:00:00,92.56063,98.0
2024-01-13 07:00:00,92.52813,98.0
2024-01-13 08:00:00,91.52646,98.0
2024-01-13 09:00:00,92.92382,98.0
2024-01-13 10:00:00,94.376305,99.0
2024-01-13 11:00:00,96.31092,99.0
2024-01-13 12:00:00,98.851944,100.0
2024-01-13 13:00:00,97.91604,100.0
2024-01-13 14:00:00,101.15175,100.0
2024-01-13 15:00:00,103.11757,100.0
2024-01-13 16:00:00,106.622154,101.0
2024-01-13 17:00:00,104.9553,102.0
2024-01-13 18:00:00,103.581726,102.0
2024-01-13 19:00:00,102.51024,103.0
2024-01-13 20:00:00,101.53716,104.0
2024-01-13 21:00:00,98.11314,104.0
2024-01-13 22:00:00,95.6786,104.0
2024-01-13 23:00:00,93.682945,103.0
2024-01-14 00:00:00,92.28633,102.0
2024-01-14 01:00:00,90.54554,101.0
2024-01-14 02:00:00,90.878746,100.0
2024-01-14 03:00:00,90.849205,99.0
2024-01-14 04:00:00,91.78451,99.0
2024-01-14 05:00:00,93.46138,99.0
2024-01-14 06:00:00,94.21202,98.0
2024-01-14 07:00:00,94.01566,98.0
2024-01-14 08:00:00,93.9371,98.0
2024-01-14 09:00:00,97.793594,98.0
2024-01-14 10:00:00,100.78592,98.0
2024-01-14 11:00:00,103.3104,98.0
2024-01-14 12:00:00,105.304726,98.0
2024-01-14 13:00:00,105.92387,98.0
2024-01-14 14:00:00,106.29316,98.0
2024-01-14 15:00:00,108.608505,98.0
2024-01-14 16:00:00,117.73768,99.0
2024-01-14 17:00:00,141.13194,120.0
2024-01-14 18:00:00,143.85089,142.0
2024-01-14 19:00:00,141.62572,147.0
2024-01-14 20:00:00,136.66907,139.0
2024-01-14 21:00:00,132.85938,117.0
2024-01-14 22:00:00,130.29948,119.0
2024-01-14 23:00:00,133.19975,128.0
2024-01-15 00:00:00,136.29712,137.0
2024-01-15 01:00:00,140.23454,145.0
2024-01-15 02:00:00,143.97653,151.0
2024-01-15 03:00:00,145.72794,152.0
2024-01-15 04:00:00,146.04105,154.0
2024-01-15 05:00:00,147.31259,155.0
2024-01-15 06:00:00,147.04102,156.0
2024-01-15 07:00:00,146.25572,158.0
2024-01-15 08:00:00,146.86742,159.0
2024-01-15 09:00:00,153.04617,159.99999999999997
2024-01-15 10:00:00,154.74165,159.99999999999997
2024-01-15 11:00:00,155.88237,159.99999999999997
2024-01-15 12:00:00,156.91948,161.0
2024-01-15 13:00:00,156.92108,159.99999999999997
2024-01-15 14:00:00,159.84868,159.99999999999997
2024-01-15 15:00:00,164.54713,159.99999999999997
2024-01-15 16:00:00,169.62646,159.0
2024-01-15 17:00:00,170.39209,158.0
2024-01-15 18:00:00,172.38544,157.0
2024-01-15 19:00:00,171.59306,156.0
2024-01-15 20:00:00,168.22179,155.0
2024-01-15 21:00:00,162.43575,155.0
2024-01-15 22:00:00,158.72025,154.0
2024-01-15 23:00:00,154.53914,153.0
2024-01-16 00:00:00,152.39052,152.0
2024-01-16 01:00:00,149.20496,151.0
2024-01-16 02:00:00,144.37619,148.0
2024-01-16 03:00:00,137.24074,144.0
2024-01-16 04:00:00,131.44794,139.0
2024-01-16 05:00:00,126.734924,135.0
2024-01-16 06:00:00,121.719444,131.0
2024-01-16 07:00:00,116.89199,127.0
2024-01-16 08:00:00,112.347664,122.0
2024-01-16 09:00:00,113.06193,119.0
2024-01-16 10:00:00,111.41863,116.0
2024-01-16 11:00:00,109.426056,114.0
2024-01-16 12:00:00,107.291176,112.00000000000001
2024-01-16 13:00:00,107.44249,110.0
2024-01-16 14:00:00,106.30117,109.0
2024-01-16 15:00:00,107.41101,108.0
2024-01-16 16:00:00,119.89121,107.0
2024-01-16 17:00:00,110.17444,106.0
2024-01-16 18:00:00,106.21828,106.0
2024-01-16 19:00:00,103.31025,105.0
2024-01-16 20:00:00,100.40697,102.0
2024-01-16 21:00:00,96.674965,99.0
2024-01-16 22:00:00,92.838875,96.0
2024-01-16 23:00:00,89.497154,93.0
2024-01-17 00:00:00,85.826126,88.0
2024-01-17 01:00:00,82.81255,85.0
2024-01-17 02:00:00,82.04468,83.0
2024-01-17 03:00:00,81.82141,81.0
2024-01-17 04:00:00,81.4483,79.99999999999999
2024-01-17 05:00:00,82.24164,79.99999999999999
2024-01-17 06:00:00,82.39053,79.99999999999999
2024-01-17 07:00:00,80.53125,79.99999999999999
2024-01-17 08:00:00,79.01664,79.99999999999999
2024-01-17 09:00:00,78.526955,81.0
2024-01-17 10:00:00,78.60869,81.0
2024-01-17 11:00:00,78.170006,81.0
2024-01-17 12:00:00,81.41602,82.0
2024-01-17 13:00:00,76.036705,82.0
2024-01-17 14:00:00,82.534065,82.0
2024-01-17 15:00:00,76.87583,82.0
2024-01-17 16:00:00,75.53394,82.0
2024-01-17 17:00:00,76.408585,82.0
2024-01-17 18:00:00,78.162224,81.0
2024-01-17 19:00:00,76.21934,81.0
2024-01-17 20:00:00,76.67425,81.0
2024-01-17 21:00:00,76.02147,79.99999999999999
2024-01-17 22:00:00,75.63821,79.0
2024-01-17 23:00:00,75.291115,78.0
2024-01-18 00:00:00,74.86394,77.0
2024-01-18 01:00:00,74.90101,77.0
2024-01-18 02:00:00,76.22569,77.0
2024-01-18 03:00:00,77.08903,76.0
2024-01-18 04:00:00,77.67088,76.0
2024-01-18 05:00:00,78.4105,76.0
2024-01-18 06:00:00,77.97527,76.0
2024-01-18 07:00:00,77.42809,75.0
2024-01-18 08:00:00,75.26431,75.0
2024-01-18 09:00:00,75.24252,74.0
2024-01-18 10:00:00,74.28138,74.0
2024-01-18 11:00:00,73.43373,74.0
2024-01-18 12:00:00,73.93158,73.0
2024-01-18 13:00:00,73.143326,73.0
2024-01-18 14:00:00,71.09179,73.0
2024-01-18 15:00:00,78.1872,73.0
2024-01-18 16:00:00,75.38883,73.0
2024-01-18 17:00:00,75.69974,73.0
2024-01-18 18:00:00,75.812965,74.0
2024-01-18 19:00:00,76.30309,75.0
2024-01-18 20:00:00,76.37219,75.0
2024-01-18 21:00:00,75.95752,75.0
2024-01-18 22:00:00,75.777084,75.0
2024-01-18 23:00:00,75.08007,75.0
2024-01-19 00:00:00,73.78138,74.0
2024-01-19 01:00:00,73.12261,73.0
2024-01-19 02:00:00,73.41389,72.0
2024-01-19 03:00:00,72.94379,72.0
2024-01-19 04:00:00,72.88288,71.0
2024-01-19 05:00:00,74.7413,71.0
2024-01-19 06:00:00,73.36966,70.0
2024-01-19 07:00:00,72.641685,70.0
2024-01-19 08:00:00,72.015976,69.0
2024-01-19 09:00:00,72.65389,69.0
2024-01-19 10:00:00,73.05846,69.0
2024-01-19 11:00:00,72.21193,69.0
2024-01-19 12:00:00,71.98994,69.0
2024-01-19 13:00:00,72.520294,69.0
2024-01-19 14:00:00,75.77517,69.0
2024-01-19 15:00:00,76.27829,70.0
2024-01-19 16:00:00,75.968414,70.0
2024-01-19 17:00:00,75.498055,70.0
2024-01-19 18:00:00,75.291954,70.0
2024-01-19 19:00:00,74.574196,69.0
2024-01-19 20:00:00,73.45359,68.0
2024-01-19 21:00:00,72.20079,68.0
2024-01-19 22:00:00,72.00853,66.99999999999999
2024-01-19 23:00:00,71.99528,66.0
2024-01-20 00:00:00,72.77008,66.0
2024-01-20 01:00:00,73.67142,66.0
2024-01-20 02:00:00,73.05481,66.99999999999999
2024-01-20 03:00:00,74.04889,66.99999999999999
2024-01-20 04:00:00,75.35926,66.99999999999999
2024-01-20 05:00:00,76.80047,66.99999999999999
2024-01-20 06:00:00,76.89561,66.99999999999999
2024-01-20 07:00:00,75.4976,68.0
2024-01-20 08:00:00,74.18797,68.0
2024-01-20 09:00:00,73.91337,69.0
2024-01-20 10:00:00,74.115425,69.0
2024-01-20 11:00:00,74.236595,69.0
2024-01-20 12:00:00,74.736626,69.0
2024-01-20 13:00:00,74.79839,69.0
2024-01-20 14:00:00,73.5084,69.0
2024-01-20 15:00:00,73.50326,68.0
2024-01-20 16:00:00,75.66289,68.0
2024-01-20 17:00:00,76.876686,66.99999999999999
2024-01-20 18:00:00,77.81177,66.99999999999999
2024-01-20 19:00:00,77.74895,66.0
2024-01-20 20:00:00,76.747505,66.0
2024-01-20 21:00:00,75.06329,66.0
2024-01-20 22:00:00,74.37709,66.0
2024-01-20 23:00:00,73.978,66.0
2024-01-21 00:00:00,73.668106,66.0
2024-01-21 01:00:00,73.28742,66.0
2024-01-21 02:00:00,73.75258,66.99999999999999
2024-01-21 03:00:00,73.78664,66.99999999999999
2024-01-21 04:00:00,73.994705,66.99999999999999
2024-01-21 05:00:00,74.726746,66.99999999999999
2024-01-21 06:00:00,74.73154,68.0
2024-01-21 07:00:00,73.38395,68.0
2024-01-21 08:00:00,71.37551,68.0
2024-01-21 09:00:00,72.11577,68.0
2024-01-21 10:00:00,73.64618,66.99999999999999
2024-01-21 11:00:00,75.156235,66.99999999999999
2024-01-21 12:00:00,75.142746,66.99999999999999
2024-01-21 13:00:00,74.44623,66.99999999999999
2024-01-21 14:00:00,74.805954,66.99999999999999
2024-01-21 15:00:00,85.43118,66.99999999999999
2024-01-21 16:00:00,81.29583,66.99999999999999
2024-01-21 17:00:00,77.95235,66.99999999999999
2024-01-21 18:00:00,77.18276,66.99999999999999
2024-01-21 19:00:00,75.738815,66.99999999999999
2024-01-21 20:00:00,74.91769,66.99999999999999
2024-01-21 21:00:00,74.0626,66.99999999999999
2024-01-21 22:00:00,72.895424,66.99999999999999
2024-01-21 23:00:00,71.68233,66.99999999999999
2024-01-22 00:00:00,71.410515,66.99999999999999
2024-01-22 01:00:00,71.141335,66.0
2024-01-22 02:00:00,71.33591,66.0
2024-01-22 03:00:00,71.72628,65.0
2024-01-22 04:00:00,72.05198,65.0
2024-01-22 05:00:00,72.82223,64.0
2024-01-22 06:00:00,72.56417,64.0
2024-01-22 07:00:00,71.77921,63.0
2024-01-22 08:00:00,70.200294,63.0
2024-01-22 09:00:00,70.219536,62.0
2024-01-22 10:00:00,70.35482,62.0
2024-01-22 11:00:00,71.23471,62.0
2024-01-22 12:00:00,73.19611,61.000000000000014
2024-01-22 13:00:00,74.15436,61.000000000000014
2024-01-22 14:00:00,75.30118,62.0
2024-01-22 15:00:00,74.96088,61.000000000000014
2024-01-22 16:00:00,75.01919,61.000000000000014
2024-01-22 17:00:00,75.2671,62.0
2024-01-22 18:00:00,75.62149,62.0
2024-01-22 19:00:00,75.73356,61.000000000000014
2024-01-22 20:00:00,74.71433,62.0
2024-01-22 21:00:00,73.26397,62.0
2024-01-22 22:00:00,72.06869,62.0
2024-01-22 23:00:00,71.060104,62.0
2024-01-23 00:00:00,70.69634,62.0
2024-01-23 01:00:00,70.8977,62.0
2024-01-23 02:00:00,70.99291,63.0
2024-01-23 03:00:00,71.03792,63.0
2024-01-23 04:00:00,70.85388,63.0
2024-01-23 05:00:00,70.8973,63.0
2024-01-23 06:00:00,70.619095,64.0
2024-01-23 07:00:00,70.17094,64.0
2024-01-23 08:00:00,69.10126,64.0
2024-01-23 09:00:00,70.4487,64.0
2024-01-23 10:00:00,71.92683,65.0
2024-01-23 11:00:00,73.625534,65.0
2024-01-23 12:00:00,74.85647,64.0
2024-01-23 13:00:00,75.462875,64.0
2024-01-23 14:00:00,75.960815,64.0
2024-01-23 15:00:00,75.54754,64.0
2024-01-23 16:00:00,76.62477,64.0
2024-01-23 17:00:00,76.74694,64.0
2024-01-23 18:00:00,76.91602,64.0
2024-01-23 19:00:00,76.68515,64.0
2024-01-23 20:00:00,75.7005,64.0
2024-01-23 21:00:00,74.42848,65.0
2024-01-23 22:00:00,73.845314,66.0
2024-01-23 23:00:00,73.04884,66.0
2024-01-24 00:00:00,72.43579,66.99999999999999
2024-01-24 01:00:00,72.198555,66.99999999999999
2024-01-24 02:00:00,72.39293,66.99999999999999
2024-01-24 03:00:00,72.687515,68.0
2024-01-24 04:00:00,73.374954,68.0
2024-01-24 05:00:00,74.29821,68.0
2024-01-24 06:00:00,73.723625,69.0
2024-01-24 07:00:00,73.008705,69.0
2024-01-24 08:00:00,71.493095,69.0
2024-01-24 09:00:00,72.00592,69.0
2024-01-24 10:00:00,73.551865,70.0
2024-01-24 11:00:00,75.74946,70.0
2024-01-24 12:00:00,77.11448,70.0
2024-01-24 13:00:00,77.39051,71.0
2024-01-24 14:00:00,77.69886,71.0
2024-01-24 15:00:00,77.75149,71.0
2024-01-24 16:00:00,77.74745,71.0
2024-01-24 17:00:00,78.6593,72.0
2024-01-24 18:00:00,79.88473,72.0
2024-01-24 19:00:00,79.35422,73.0
2024-01-24 20:00:00,78.133514,72.0
2024-01-24 21:00:00,77.051056,73.0
2024-01-24 22:00:00,76.756676,74.0
2024-01-24 23:00:00,77.428734,75.0
2024-01-25 00:00:00,77.85115,76.0
2024-01-25 01:00:00,79.06238,78.0
2024-01-25 02:00:00,81.47639,79.0
2024-01-25 03:00:00,82.21079,79.99999999999999
2024-01-25 04:00:00,83.728874,82.0
2024-01-25 05:00:00,86.09279,83.0
2024-01-25 06:00:00,86.5532,84.0
2024-01-25 07:00:00,86.39553,85.0
2024-01-25 08:00:00,86.30369,86.0
2024-01-25 09:00:00,88.81505,87.0
2024-01-25 10:00:00,92.08819,87.0
2024-01-25 11:00:00,96.40423,88.0
2024-01-25 12:00:00,100.17364,89.0
2024-01-25 13:00:00,102.55826,89.0
2024-01-25 14:00:00,105.0395,90.0
2024-01-25 15:00:00,106.70095,91.0
2024-01-25 16:00:00,111.24233,91.0
2024-01-25 17:00:00,117.43984,91.0
2024-01-25 18:00:00,118.94617,91.0
2024-01-25 19:00:00,117.11568,91.0
2024-01-25 20:00:00,114.84636,92.0
2024-01-25 21:00:00,109.8113,93.0
2024-01-25 22:00:00,108.49204,95.0
2024-01-25 23:00:00,110.57237,98.0
2024-01-26 00:00:00,113.32859,100.0
2024-01-26 01:00:00,116.68382,101.0
2024-01-26 02:00:00,117.66763,102.0
2024-01-26 03:00:00,118.79346,103.0
2024-01-26 04:00:00,120.62787,104.0
2024-01-26 05:00:00,120.94561,105.0
2024-01-26 06:00:00,120.92441,107.0
2024-01-26 07:00:00,120.23247,109.0
2024-01-26 08:00:00,116.78688,111.0
2024-01-26 09:00:00,118.09386,112.00000000000001
2024-01-26 10:00:00,117.96825,113.0
2024-01-26 11:00:00,118.40262,115.0
2024-01-26 12:00:00,120.21997,116.0
2024-01-26 13:00:00,123.07527,116.0
2024-01-26 14:00:00,123.68848,117.0
2024-01-26 15:00:00,133.3359,118.0
2024-01-26 16:00:00,141.47978,118.0
2024-01-26 17:00:00,144.58896,119.0
2024-01-26 18:00:00,146.8033,119.0
2024-01-26 19:00:00,145.82152,120.0
2024-01-26 20:00:00,143.87645,120.0
2024-01-26 21:00:00,139.57991,118.0
2024-01-26 22:00:00,135.10464,115.0
2024-01-26 23:00:00,132.42732,111.0
2024-01-27 00:00:00,131.79121,108.0
2024-01-27 01:00:00,128.80138,106.0
2024-01-27 02:00:00,126.2177,104.0
2024-01-27 03:00:00,122.37352,102.0
2024-01-27 04:00:00,121.51268,100.0
2024-01-27 05:00:00,118.81089,99.0
2024-01-27 06:00:00,117.410225,97.0
2024-01-27 07:00:00,113.91037,95.0
2024-01-27 08:00:00,108.90113,94.0
2024-01-27 09:00:00,103.655556,92.0
2024-01-27 10:00:00,101.59937,91.0
2024-01-27 11:00:00,103.37461,90.0
2024-01-27 12:00:00,95.62691,89.0
2024-01-27 13:00:00,105.04207,88.0
2024-01-27 14:00:00,92.58326,88.0
2024-01-27 15:00:00,105.78935,88.0
2024-01-27 16:00:00,117.00926,88.0
2024-01-27 17:00:00,119.13958,89.0
2024-01-27 18:00:00,116.47666,89.0
2024-01-27 19:00:00,114.78128,89.0
2024-01-27 20:00:00,114.40622,90.0
2024-01-27 21:00:00,115.778175,91.0
2024-01-27 22:00:00,115.510025,91.0
2024-01-27 23:00:00,114.98315,91.0
2024-01-28 00:00:00,111.24939,91.0
2024-01-28 01:00:00,106.00798,91.0
2024-01-28 02:00:00,103.82818,92.0
2024-01-28 03:00:00,102.652435,93.0
2024-01-28 04:00:00,99.88082,93.0
2024-01-28 05:00:00,99.493576,94.0
2024-01-28 06:00:00,100.409,94.0
2024-01-28 07:00:00,98.235016,93.0
2024-01-28 08:00:00,98.21367,93.0
2024-01-28 09:00:00,101.8099,93.0
2024-01-28 10:00:00,104.10147,93.0
2024-01-28 11:00:00,103.95201,93.0
2024-01-28 12:00:00,105.597626,93.0
2024-01-28 13:00:00,106.156876,93.0
2024-01-28 14:00:00,106.987686,93.0
2024-01-28 15:00:00,111.645905,93.0
2024-01-28 16:00:00,111.58405,93.0
2024-01-28 17:00:00,111.23089,93.0
2024-01-28 18:00:00,112.34809,94.0
2024-01-28 19:00:00,108.65412,94.0
2024-01-28 20:00:00,107.75921,94.0
2024-01-28 21:00:00,107.77625,94.0
2024-01-28 22:00:00,107.79518,94.0
2024-01-28 23:00:00,108.25976,94.0
2024-01-29 00:00:00,107.61453,93.0
2024-01-29 01:00:00,105.16536,93.0
2024-01-29 02:00:00,100.37889,92.0
2024-01-29 03:00:00,96.333534,92.0
2024-01-29 04:00:00,92.140465,92.0
2024-01-29 05:00:00,91.3485,91.0
2024-01-29 06:00:00,91.21492,91.0
2024-01-29 07:00:00,89.42105,92.0
2024-01-29 08:00:00,90.395256,92.0
2024-01-29 09:00:00,94.57267,91.0
2024-01-29 10:00:00,96.71701,91.0
2024-01-29 11:00:00,99.95767,91.0
2024-01-29 12:00:00,102.50798,90.0
2024-01-29 13:00:00,108.51184,91.0
2024-01-29 14:00:00,116.95735,90.0
2024-01-29 15:00:00,114.27772,90.0
2024-01-29 16:00:00,116.74779,89.0
2024-01-29 17:00:00,116.92989,89.0
2024-01-29 18:00:00,115.96797,89.0
2024-01-29 19:00:00,115.90653,90.0
2024-01-29 20:00:00,113.75656,91.0
2024-01-29 21:00:00,109.91216,92.0
2024-01-29 22:00:00,107.69667,94.0
2024-01-29 23:00:00,105.663864,96.0
2024-01-30 00:00:00,107.19861,98.0
2024-01-30 01:00:00,106.96873,99.0
2024-01-30 02:00:00,107.18178,101.0
2024-01-30 03:00:00,106.96903,104.0
2024-01-30 04:00:00,107.45083,106.0
2024-01-30 05:00:00,107.08959,109.0
2024-01-30 06:00:00,106.0403,111.0
2024-01-30 07:00:00,100.90029,114.0
2024-01-30 08:00:00,99.0417,115.0
2024-01-30 09:00:00,102.00433,117.0
2024-01-30 10:00:00,103.64135,119.0
2024-01-30 11:00:00,105.15919,120.0
2024-01-30 12:00:00,108.92675,121.0
2024-01-30 13:00:00,112.66304,121.0
2024-01-30 14:00:00,117.843094,121.0
2024-01-30 15:00:00,125.13884,122.0
2024-01-30 16:00:00,131.43452,122.0
2024-01-30 17:00:00,133.64114,123.0
2024-01-30 18:00:00,131.10873,123.0
2024-01-30 19:00:00,130.92633,123.0
2024-01-30 20:00:00,121.85849,122.0
2024-01-30 21:00:00,113.22116,120.0
2024-01-30 22:00:00,111.012535,116.0
2024-01-30 23:00:00,110.42907,114.0
2024-01-31 00:00:00,107.65223,111.0
2024-01-31 01:00:00,108.10454,110.0
2024-01-31 02:00:00,106.664474,108.0
2024-01-31 03:00:00,106.810165,106.0
2024-01-31 04:00:00,106.63704,104.0
2024-01-31 05:00:00,107.24956,102.0
2024-01-31 06:00:00,107.54035,100.0
2024-01-31 07:00:00,107.433075,99.0
2024-01-31 08:00:00,106.5948,98.0
2024-01-31 09:00:00,108.56769,98.0
2024-01-31 10:00:00,106.053604,99.0
2024-01-31 11:00:00,106.248276,98.0
2024-01-31 12:00:00,100.1568,98.0
2024-01-31 13:00:00,106.45025,99.0
2024-01-31 14:00:00,112.79074,99.0
2024-01-31 15:00:00,109.83331,100.0
2024-01-31 16:00:00,114.68429,100.0
2024-01-31 17:00:00,115.43449,101.0
2024-01-31 18:00:00,118.300896,101.0
2024-01-31 19:00:00,122.07199,101.0
2024-01-31 20:00:00,121.955635,102.0
2024-01-31 21:00:00,117.88841,105.0
2024-01-31 22:00:00,114.074234,110.0
2024-01-31 23:00:00,114.5715,115.0
2024-02-01 00:00:00,116.27088,119.0
2024-02-01 01:00:00,119.44809,122.0
2024-02-01 02:00:00,120.232895,124.0
2024-02-01 03:00:00,121.79741,126.0
2024-02-01 04:00:00,122.00797,127.0
2024-02-01 05:00:00,120.1785,128.0
2024-02-01 06:00:00,122.033966,129.0
2024-02-01 07:00:00,120.52285,129.0
2024-02-01 08:00:00,118.570366,130.0
2024-02-01 09:00:00,124.19521,130.0
2024-02-01 10:00:00,123.9199,130.0
2024-02-01 11:00:00,126.42265,130.0
2024-02-01 12:00:00,122.85904,130.0
2024-02-01 13:00:00,124.3482,130.0
2024-02-01 14:00:00,129.34306,129.0
2024-02-01 15:00:00,120.19186,128.0
2024-02-01 16:00:00,137.5723,127.0
2024-02-01 17:00:00,140.15709,126.0
2024-02-01 18:00:00,141.86093,125.0
2024-02-01 19:00:00,139.82343,124.0
2024-02-01 20:00:00,135.46642,123.0
2024-02-01 21:00:00,127.165215,121.0
2024-02-01 22:00:00,123.16367,120.0
2024-02-01 23:00:00,120.170135,118.0
2024-02-02 00:00:00,117.41674,115.0
2024-02-02 01:00:00,114.7909,112.00000000000001
2024-02-02 02:00:00,112.864525,108.0
2024-02-02 03:00:00,109.4853,105.0
2024-02-02 04:00:00,107.04214,102.0
2024-02-02 05:00:00,105.28842,99.0
2024-02-02 06:00:00,104.03955,97.0
2024-02-02 07:00:00,102.31319,95.0
2024-02-02 08:00:00,99.254745,93.0
2024-02-02 09:00:00,100.00745,92.0
2024-02-02 10:00:00,99.69775,92.0
2024-02-02 11:00:00,99.28389,91.0
2024-02-02 12:00:00,100.38303,91.0
2024-02-02 13:00:00,102.93664,90.0
2024-02-02 14:00:00,100.57788,90.0
2024-02-02 15:00:00,105.41629,90.0
2024-02-02 16:00:00,106.976364,89.0
2024-02-02 17:00:00,103.15952,89.0
2024-02-02 18:00:00,100.80341,88.0
2024-02-02 19:00:00,98.81663,87.0
2024-02-02 20:00:00,94.59426,87.0
2024-02-02 21:00:00,91.19145,87.0
2024-02-02 22:00:00,89.44947,88.0
2024-02-02 23:00:00,88.05049,89.0
2024-02-03 00:00:00,88.392975,92.0
2024-02-03 01:00:00,88.04517,95.0
2024-02-03 02:00:00,88.37995,96.0
2024-02-03 03:00:00,86.92211,98.0
2024-02-03 04:00:00,87.493385,99.0
2024-02-03 05:00:00,86.64064,101.0
2024-02-03 06:00:00,87.38472,102.0
2024-02-03 07:00:00,85.16362,103.0
2024-02-03 08:00:00,83.60242,103.0
2024-02-03 09:00:00,84.10972,103.0
2024-02-03 10:00:00,83.81273,103.0
2024-02-03 11:00:00,84.11262,103.0
2024-02-03 12:00:00,84.874374,102.0
2024-02-03 13:00:00,86.28844,102.0
2024-02-03 14:00:00,86.362206,102.0
2024-02-03 15:00:00,87.80937,102.0
2024-02-03 16:00:00,88.24944,102.0
2024-02-03 17:00:00,86.294586,102.0
2024-02-03 18:00:00,85.08059,101.0
2024-02-03 19:00:00,83.04263,100.0
2024-02-03 20:00:00,80.90129,99.0
2024-02-03 21:00:00,78.62922,97.0
2024-02-03 22:00:00,77.461815,94.0
2024-02-03 23:00:00,76.54631,90.0
2024-02-04 00:00:00,76.461365,87.0
2024-02-04 01:00:00,76.649124,83.0
2024-02-04 02:00:00,77.05637,81.0
2024-02-04 03:00:00,76.60944,79.99999999999999
2024-02-04 04:00:00,76.30343,79.0
2024-02-04 05:00:00,76.10318,78.0
2024-02-04 06:00:00,75.92234,77.0
2024-02-04 07:00:00,74.83722,76.0
2024-02-04 08:00:00,73.205475,76.0
2024-02-04 09:00:00,73.97376,76.0
2024-02-04 10:00:00,72.23802,75.0
2024-02-04 11:00:00,72.91379,75.0
2024-02-04 12:00:00,72.64759,74.0
2024-02-04 13:00:00,72.98022,74.0
2024-02-04 14:00:00,75.098145,74.0
2024-02-04 15:00:00,77.14089,74.0
2024-02-04 16:00:00,78.45471,74.0
2024-02-04 17:00:00,80.91764,75.0
2024-02-04 18:00:00,83.658875,76.0
2024-02-04 19:00:00,85.45721,78.0
2024-02-04 20:00:00,88.16127,81.0
2024-02-04 21:00:00,90.194214,84.0
2024-02-04 22:00:00,92.439606,87.0
2024-02-04 23:00:00,93.88318,89.0
2024-02-05 00:00:00,95.88508,92.0
2024-02-05 01:00:00,97.864975,94.0
2024-02-05 02:00:00,99.30986,97.0
2024-02-05 03:00:00,101.036255,99.0
2024-02-05 04:00:00,101.429756,102.0
2024-02-05 05:00:00,102.77248,105.0
2024-02-05 06:00:00,103.410805,108.0
2024-02-05 07:00:00,103.90013,111.0
2024-02-05 08:00:00,104.68273,114.0
2024-02-05 09:00:00,110.2576,116.0
2024-02-05 10:00:00,111.71799,117.0
2024-02-05 11:00:00,112.70035,118.0
2024-02-05 12:00:00,116.79529,119.0
2024-02-05 13:00:00,120.6344,121.0
2024-02-05 14:00:00,117.91878,122.0
2024-02-05 15:00:00,118.7552,123.0
2024-02-05 16:00:00,117.66384,123.0
2024-02-05 17:00:00,117.19893,123.0
2024-02-05 18:00:00,114.730576,123.0
2024-02-05 19:00:00,112.90559,122.0
2024-02-05 20:00:00,109.17852,121.0
2024-02-05 21:00:00,106.77921,118.0
2024-02-05 22:00:00,105.82149,117.0
2024-02-05 23:00:00,106.64311,116.0
2024-02-06 00:00:00,105.97084,115.0
2024-02-06 01:00:00,105.39197,114.0
2024-02-06 02:00:00,105.81882,112.00000000000001
2024-02-06 03:00:00,106.44205,110.0
2024-02-06 04:00:00,105.49308,108.0
2024-02-06 05:00:00,106.79829,105.0
2024-02-06 06:00:00,104.98849,103.0
2024-02-06 07:00:00,103.666595,100.0
2024-02-06 08:00:00,98.19934,96.0
2024-02-06 09:00:00,95.32089,95.0
2024-02-06 10:00:00,92.29106,94.0
2024-02-06 11:00:00,90.45772,93.0
2024-02-06 12:00:00,89.423584,92.0
2024-02-06 13:00:00,89.5272,91.0
2024-02-06 14:00:00,94.29279,89.0
2024-02-06 15:00:00,93.71913,89.0
2024-02-06 16:00:00,91.56075,87.0
2024-02-06 17:00:00,85.72918,86.0
2024-02-06 18:00:00,83.42274,86.0
2024-02-06 19:00:00,80.84422,85.0
2024-02-06 20:00:00,79.08307,84.0
2024-02-06 21:00:00,76.099945,83.0
2024-02-06 22:00:00,74.89104,81.0
2024-02-06 23:00:00,74.59121,79.99999999999999
2024-02-07 00:00:00,74.05715,78.0
2024-02-07 01:00:00,73.977295,77.0
2024-02-07 02:00:00,73.94628,76.0
2024-02-07 03:00:00,74.65402,75.0
2024-02-07 04:00:00,75.26207,75.0
2024-02-07 05:00:00,76.058876,76.0
2024-02-07 06:00:00,77.418564,76.0
2024-02-07 07:00:00,76.61703,77.0
2024-02-07 08:00:00,75.917015,78.0
2024-02-07 09:00:00,77.46215,79.0
2024-02-07 10:00:00,78.825516,79.99999999999999
2024-02-07 11:00:00,80.88343,79.99999999999999
2024-02-07 12:00:00,83.11253,81.0
2024-02-07 13:00:00,83.86917,82.0
2024-02-07 14:00:00,84.65841,83.0
2024-02-07 15:00:00,90.52422,84.0
2024-02-07 16:00:00,91.85316,85.0
2024-02-07 17:00:00,91.62501,86.0
2024-02-07 18:00:00,92.0565,86.0
2024-02-07 19:00:00,92.39452,86.0
2024-02-07 20:00:00,92.60066,86.0
2024-02-07 21:00:00,91.998695,87.0
2024-02-07 22:00:00,92.113914,88.0
2024-02-07 23:00:00,91.40941,90.0
2024-02-08 00:00:00,91.57505,91.0
2024-02-08 01:00:00,92.599556,92.0
2024-02-08 02:00:00,93.87436,93.0
2024-02-08 03:00:00,95.32089,94.0
2024-02-08 04:00:00,96.4938,95.0
2024-02-08 05:00:00,97.22355,95.0
2024-02-08 06:00:00,98.01914,96.0
2024-02-08 07:00:00,96.83762,96.0
2024-02-08 08:00:00,95.467316,97.0
2024-02-08 09:00:00,99.681656,98.0
2024-02-08 10:00:00,102.32747,98.0
2024-02-08 11:00:00,103.938644,99.0
2024-02-08 12:00:00,105.886246,99.0
2024-02-08 13:00:00,104.96094,99.0
2024-02-08 14:00:00,104.89654,99.0
2024-02-08 15:00:00,106.309044,99.0
2024-02-08 16:00:00,106.456345,99.0
2024-02-08 17:00:00,110.839066,99.0
2024-02-08 18:00:00,113.33415,100.0
2024-02-08 19:00:00,114.31634,101.0
2024-02-08 20:00:00,113.036995,103.0
2024-02-08 21:00:00,109.835815,106.0
2024-02-08 22:00:00,110.48809,110.0
2024-02-08 23:00:00,111.708916,115.0
2024-02-09 00:00:00,114.65603,119.0
2024-02-09 01:00:00,117.378296,124.0
2024-02-09 02:00:00,120.30641,127.0
2024-02-09 03:00:00,123.02371,130.0
2024-02-09 04:00:00,123.81909,132.0
2024-02-09 05:00:00,127.70266,134.0
2024-02-09 06:00:00,129.31313,136.0
2024-02-09 07:00:00,130.0675,138.0
2024-02-09 08:00:00,131.75372,140.0
2024-02-09 09:00:00,137.34125,140.0
2024-02-09 10:00:00,138.45894,140.0
2024-02-09 11:00:00,139.78052,141.0
2024-02-09 12:00:00,141.21895,143.0
2024-02-09 13:00:00,149.00868,146.0
2024-02-09 14:00:00,153.68324,148.0
2024-02-09 15:00:00,163.12022,150.0
2024-02-09 16:00:00,176.17258,172.0
2024-02-09 17:00:00,189.4149,203.0
2024-02-09 18:00:00,201.73119,212.0
2024-02-09 19:00:00,197.13275,213.00000000000003
2024-02-09 20:00:00,187.61688,207.0
2024-02-09 21:00:00,174.28397,190.0
2024-02-09 22:00:00,159.99864,156.0
2024-02-09 23:00:00,146.92757,153.0
2024-02-10 00:00:00,142.72855,152.0
2024-02-10 01:00:00,141.79398,151.0
2024-02-10 02:00:00,143.00269,150.0
2024-02-10 03:00:00,141.8199,150.0
2024-02-10 04:00:00,139.55096,149.00000000000003
2024-02-10 05:00:00,138.9272,148.0
2024-02-10 06:00:00,135.91673,146.0
2024-02-10 07:00:00,133.36058,144.0
2024-02-10 08:00:00,128.05258,143.0
2024-02-10 09:00:00,127.59379,143.0
2024-02-10 10:00:00,127.20602,143.0
2024-02-10 11:00:00,128.37099,143.0
2024-02-10 12:00:00,126.38431,142.0
2024-02-10 13:00:00,124.43004,140.0
2024-02-10 14:00:00,128.86053,138.0
2024-02-10 15:00:00,125.42058,135.0
2024-02-10 16:00:00,127.03963,132.0
2024-02-10 17:00:00,133.08443,128.0
2024-02-10 18:00:00,133.10918,125.0
2024-02-10 19:00:00,131.28694,121.0
2024-02-10 20:00:00,130.89104,119.0
2024-02-10 21:00:00,122.96894,116.0
2024-02-10 22:00:00,116.745674,113.0
2024-02-10 23:00:00,110.67315,111.0
2024-02-11 00:00:00,105.98979,109.0
2024-02-11 01:00:00,103.859535,109.0
2024-02-11 02:00:00,102.93967,109.0
2024-02-11 03:00:00,101.60595,110.0
2024-02-11 04:00:00,101.199875,110.0
2024-02-11 05:00:00,101.752686,110.0
2024-02-11 06:00:00,101.570496,110.0
2024-02-11 07:00:00,99.72934,110.0
2024-02-11 08:00:00,97.82191,109.0
2024-02-11 09:00:00,99.12709,108.0
2024-02-11 10:00:00,98.67605,107.0
2024-02-11 11:00:00,100.242676,106.0
2024-02-11 12:00:00,101.51766,105.0
2024-02-11 13:00:00,102.03101,105.0
2024-02-11 14:00:00,103.49022,105.0
2024-02-11 15:00:00,104.875824,105.0
2024-02-11 16:00:00,108.24536,105.0
2024-02-11 17:00:00,109.76166,105.0
2024-02-11 18:00:00,112.63531,106.0
2024-02-11 19:00:00,115.19501,107.0
2024-02-11 20:00:00,118.0959,107.0
2024-02-11 21:00:00,117.60676,109.0
2024-02-11 22:00:00,115.528076,111.0
2024-02-11 23:00:00,113.48523,114.0
2024-02-12 00:00:00,109.12586,116.0
2024-02-12 01:00:00,105.20882,116.0
2024-02-12 02:00:00,103.452934,114.0
2024-02-12 03:00:00,103.13248,112.00000000000001
2024-02-12 04:00:00,101.41731,111.0
2024-02-12 05:00:00,99.800766,110.0
2024-02-12 06:00:00,99.800644,110.0
2024-02-12 07:00:00,99.70989,109.0
2024-02-12 08:00:00,99.3822,110.0
2024-02-12 09:00:00,99.91246,110.0
2024-02-12 10:00:00,98.644424,110.0
2024-02-12 11:00:00,100.33012,110.0
2024-02-12 12:00:00,104.78848,110.0
2024-02-12 13:00:00,103.41597,109.0
2024-02-12 14:00:00,103.906006,109.0
2024-02-12 15:00:00,105.008934,110.0
2024-02-12 16:00:00,106.98831,110.0
2024-02-12 17:00:00,110.82527,110.0
2024-02-12 18:00:00,112.527985,110.0
2024-02-12 19:00:00,112.10027,110.0
2024-02-12 20:00:00,109.645226,111.0
2024-02-12 21:00:00,106.3969,111.0
2024-02-12 22:00:00,99.97799,111.0
2024-02-12 23:00:00,92.868126,109.0
2024-02-13 00:00:00,92.74279,109.0
2024-02-13 01:00:00,93.37975,110.0
2024-02-13 02:00:00,94.838905,112.00000000000001
2024-02-13 03:00:00,95.512474,115.0
2024-02-13 04:00:00,97.482895,116.0
2024-02-13 05:00:00,99.28973,118.0
2024-02-13 06:00:00,100.49633,121.0
2024-02-13 07:00:00,101.587944,123.0
2024-02-13 08:00:00,103.344536,125.0
2024-02-13 09:00:00,107.25723,128.0
2024-02-13 10:00:00,109.82131,130.0
2024-02-13 11:00:00,111.59751,132.0
2024-02-13 12:00:00,115.54041,134.0
2024-02-13 13:00:00,119.94934,134.0
2024-02-13 14:00:00,122.32527,134.0
2024-02-13 15:00:00,124.214745,133.0
2024-02-13 16:00:00,128.0289,133.0
2024-02-13 17:00:00,131.09964,134.0
2024-02-13 18:00:00,131.70544,134.0
2024-02-13 19:00:00,133.83046,134.0
2024-02-13 20:00:00,132.13658,133.0
2024-02-13 21:00:00,127.22113,133.0
2024-02-13 22:00:00,123.7523,134.0
2024-02-13 23:00:00,122.368324,134.0
2024-02-14 00:00:00,120.588264,134.0
2024-02-14 01:00:00,118.714935,134.0
2024-02-14 02:00:00,119.17027,133.0
2024-02-14 03:00:00,115.482895,133.0
2024-02-14 04:00:00,113.149826,133.0
2024-02-14 05:00:00,114.16865,132.0
2024-02-14 06:00:00,111.97684,131.0
2024-02-14 07:00:00,108.92388,129.0
2024-02-14 08:00:00,107.99687,128.0
2024-02-14 09:00:00,111.253426,126.0
2024-02-14 10:00:00,115.013084,126.0
2024-02-14 11:00:00,116.73121,127.0
2024-02-14 12:00:00,120.899734,128.0
2024-02-14 13:00:00,124.680176,129.0
2024-02-14 14:00:00,127.21045,130.0
2024-02-14 15:00:00,131.37663,131.0
2024-02-14 16:00:00,137.26387,134.0
2024-02-14 17:00:00,141.39162,162.0
2024-02-14 18:00:00,149.94414,173.0
2024-02-14 19:00:00,146.04187,170.0
2024-02-14 20:00:00,138.76678,151.0
2024-02-14 21:00:00,129.67879,135.0
2024-02-14 22:00:00,124.43337,134.0
2024-02-14 23:00:00,123.56353,133.0
2024-02-15 00:00:00,121.92003,132.0
2024-02-15 01:00:00,121.3202,132.0
2024-02-15 02:00:00,122.11632,131.0
2024-02-15 03:00:00,121.82655,131.0
2024-02-15 04:00:00,121.778946,131.0
2024-02-15 05:00:00,123.72093,131.0
2024-02-15 06:00:00,122.96477,132.0
2024-02-15 07:00:00,122.40042,133.0
2024-02-15 08:00:00,121.16659,135.0
2024-02-15 09:00:00,120.2464,136.0
2024-02-15 10:00:00,120.22781,136.0
2024-02-15 11:00:00,119.3956,136.0
2024-02-15 12:00:00,119.88158,136.0
2024-02-15 13:00:00,119.96924,138.0
2024-02-15 14:00:00,124.73542,140.0
2024-02-15 15:00:00,123.280815,141.0
2024-02-15 16:00:00,121.10517,143.0
2024-02-15 17:00:00,129.03603,165.0
2024-02-15 18:00:00,142.30043,170.99999999999997
2024-02-15 19:00:00,149.21074,163.0
2024-02-15 20:00:00,147.11803,146.0
2024-02-15 21:00:00,144.7479,147.0
2024-02-15 22:00:00,144.70792,149.00000000000003
2024-02-15 23:00:00,144.4457,150.0
2024-02-16 00:00:00,145.23071,151.0
2024-02-16 01:00:00,144.52032,152.0
2024-02-16 02:00:00,145.60718,153.0
2024-02-16 03:00:00,146.10732,154.0
2024-02-16 04:00:00,145.12346,154.0
2024-02-16 05:00:00,146.07845,154.0
2024-02-16 06:00:00,143.74901,154.0
2024-02-16 07:00:00,139.85832,154.0
2024-02-16 08:00:00,135.45439,154.0
2024-02-16 09:00:00,132.33157,154.0
2024-02-16 10:00:00,129.07294,154.0
2024-02-16 11:00:00,130.71346,154.0
2024-02-16 12:00:00,132.2448,154.0
2024-02-16 13:00:00,132.07518,153.0
2024-02-16 14:00:00,129.90367,152.0
2024-02-16 15:00:00,132.36238,152.0
2024-02-16 16:00:00,136.373,151.0
2024-02-16 17:00:00,135.19495,150.0
2024-02-16 18:00:00,135.9309,149.00000000000003
2024-02-16 19:00:00,134.91908,147.0
2024-02-16 20:00:00,134.55006,148.0
2024-02-16 21:00:00,133.44522,148.0
2024-02-16 22:00:00,132.2696,149.00000000000003
2024-02-16 23:00:00,129.04626,148.0
2024-02-17 00:00:00,128.1064,146.0
2024-02-17 01:00:00,126.27667,144.0
2024-02-17 02:00:00,124.11006,140.0
2024-02-17 03:00:00,122.652145,137.0
2024-02-17 04:00:00,120.5132,134.0
2024-02-17 05:00:00,117.53797,132.0
2024-02-17 06:00:00,113.6563,131.0
2024-02-17 07:00:00,109.30585,130.0
2024-02-17 08:00:00,106.73143,130.0
2024-02-17 09:00:00,106.32425,129.0
2024-02-17 10:00:00,106.217705,128.0
2024-02-17 11:00:00,104.316315,127.0
2024-02-17 12:00:00,96.76266,125.0
2024-02-17 13:00:00,110.24496,124.0
2024-02-17 14:00:00,114.57392,124.0
2024-02-17 15:00:00,104.56724,123.0
2024-02-17 16:00:00,111.82264,123.0
2024-02-17 17:00:00,120.23045,123.0
2024-02-17 18:00:00,123.128235,123.0
2024-02-17 19:00:00,126.651215,124.0
2024-02-17 20:00:00,123.452545,122.0
2024-02-17 21:00:00,121.833374,121.0
2024-02-17 22:00:00,120.74853,119.0
2024-02-17 23:00:00,117.97625,117.0
2024-02-18 00:00:00,114.12441,115.0
2024-02-18 01:00:00,110.890236,113.0
2024-02-18 02:00:00,107.030334,111.0
2024-02-18 03:00:00,105.66518,109.0
2024-02-18 04:00:00,104.810036,108.0
2024-02-18 05:00:00,104.42019,107.0
2024-02-18 06:00:00,104.005455,106.0
2024-02-18 07:00:00,102.58693,107.0
2024-02-18 08:00:00,101.68003,104.0
2024-02-18 09:00:00,105.81753,103.0
2024-02-18 10:00:00,104.53617,102.0
2024-02-18 11:00:00,102.68588,102.0
2024-02-18 12:00:00,103.25637,103.0
2024-02-18 13:00:00,104.365005,104.0
2024-02-18 14:00:00,103.33983,104.0
2024-02-18 15:00:00,105.63574,104.0
2024-02-18 16:00:00,111.41906,105.0
2024-02-18 17:00:00,113.81997,126.0
2024-02-18 18:00:00,124.86146,140.0
2024-02-18 19:00:00,127.66698,137.0
2024-02-18 20:00:00,122.89563,122.0
2024-02-18 21:00:00,118.60262,111.0
2024-02-18 22:00:00,116.61013,113.0
2024-02-18 23:00:00,117.74558,116.0
2024-02-19 00:00:00,118.64721,119.0
2024-02-19 01:00:00,120.36975,123.0
2024-02-19 02:00:00,122.78584,128.0
2024-02-19 03:00:00,126.81891,133.0
2024-02-19 04:00:00,130.27599,138.0
2024-02-19 05:00:00,133.8673,142.0
2024-02-19 06:00:00,135.27272,147.0
2024-02-19 07:00:00,134.9057,150.0
2024-02-19 08:00:00,135.71216,151.0
2024-02-19 09:00:00,136.09082,153.0
2024-02-19 10:00:00,136.7656,154.0
2024-02-19 11:00:00,142.85435,155.0
2024-02-19 12:00:00,147.82782,156.0
2024-02-19 13:00:00,152.786,156.0
2024-02-19 14:00:00,161.25636,157.0
2024-02-19 15:00:00,167.3889,176.0
2024-02-19 16:00:00,182.85435,204.0
2024-02-19 17:00:00,194.2943,211.0
2024-02-19 18:00:00,194.42786,211.0
2024-02-19 19:00:00,188.00699,204.0
2024-02-19 20:00:00,179.44348,183.0
2024-02-19 21:00:00,166.22992,161.0
2024-02-19 22:00:00,157.2701,162.0
2024-02-19 23:00:00,158.85815,163.0
2024-02-20 00:00:00,158.37679,164.0
2024-02-20 01:00:00,158.72256,166.0
2024-02-20 02:00:00,159.51091,167.0
2024-02-20 03:00:00,159.70375,169.0
2024-02-20 04:00:00,159.9425,170.0
2024-02-20 05:00:00,159.09915,172.0
2024-02-20 06:00:00,157.42882,173.0
2024-02-20 07:00:00,154.00795,174.0
2024-02-20 08:00:00,154.1581,175.0
2024-02-20 09:00:00,156.34654,176.0
2024-02-20 10:00:00,157.82649,175.0
2024-02-20 11:00:00,159.99168,175.0
2024-02-20 12:00:00,164.0819,175.0
2024-02-20 13:00:00,171.62755,175.0
2024-02-20 14:00:00,177.2669,175.0
2024-02-20 15:00:00,182.32132,189.0
2024-02-20 16:00:00,201.90308,209.0
2024-02-20 17:00:00,216.1666,218.0
2024-02-20 18:00:00,224.03787,220.0
2024-02-20 19:00:00,225.27576,216.0
2024-02-20 20:00:00,214.3365,205.0
2024-02-20 21:00:00,196.42189,175.0
2024-02-20 22:00:00,176.56128,173.0
2024-02-20 23:00:00,168.41579,172.0
2024-02-21 00:00:00,164.89267,170.99999999999997
2024-02-21 01:00:00,163.48521,170.0
2024-02-21 02:00:00,162.7833,169.0
2024-02-21 03:00:00,162.00719,167.0
2024-02-21 04:00:00,160.56822,166.0
2024-02-21 05:00:00,159.36711,165.0
2024-02-21 06:00:00,156.18591,163.0
2024-02-21 07:00:00,152.9435,161.0
2024-02-21 08:00:00,150.55717,159.99999999999997
2024-02-21 09:00:00,150.30867,159.0
2024-02-21 10:00:00,148.86072,158.0
2024-02-21 11:00:00,149.32785,158.0
2024-02-21 12:00:00,153.54233,159.0
2024-02-21 13:00:00,154.07588,159.0
2024-02-21 14:00:00,156.28145,159.0
2024-02-21 15:00:00,159.40974,159.0
2024-02-21 16:00:00,167.10646,159.0
2024-02-21 17:00:00,165.89334,159.0
2024-02-21 18:00:00,162.87932,159.0
2024-02-21 19:00:00,156.4255,159.0
2024-02-21 20:00:00,151.18933,159.0
2024-02-21 21:00:00,144.33545,158.0
2024-02-21 22:00:00,138.44678,158.0
2024-02-21 23:00:00,134.04884,157.0
2024-02-22 00:00:00,133.10081,156.0
2024-02-22 01:00:00,134.61191,155.0
2024-02-22 02:00:00,132.97774,153.0
2024-02-22 03:00:00,132.0724,152.0
2024-02-22 04:00:00,130.80351,151.0
2024-02-22 05:00:00,126.752205,149.00000000000003
2024-02-22 06:00:00,122.99204,145.0
2024-02-22 07:00:00,118.45242,141.0
2024-02-22 08:00:00,115.34764,138.0
2024-02-22 09:00:00,117.3742,136.0
2024-02-22 10:00:00,116.88425,133.0
2024-02-22 11:00:00,115.75589,131.0
2024-02-22 12:00:00,116.287445,128.0
2024-02-22 13:00:00,112.89184,125.0
2024-02-22 14:00:00,110.71536,122.0
2024-02-22 15:00:00,111.62389,119.0
2024-02-22 16:00:00,110.8661,116.0
2024-02-22 17:00:00,108.07322,113.0
2024-02-22 18:00:00,106.284424,109.0
2024-02-22 19:00:00,102.95666,105.0
2024-02-22 20:00:00,98.48408,102.0
2024-02-22 21:00:00,92.737015,99.0
2024-02-22 22:00:00,88.30266,98.0
2024-02-22 23:00:00,85.76013,97.0
2024-02-23 00:00:00,83.411766,97.0
2024-02-23 01:00:00,82.25931,97.0
2024-02-23 02:00:00,81.64076,97.0
2024-02-23 03:00:00,81.68338,96.0
2024-02-23 04:00:00,81.41617,96.0
2024-02-23 05:00:00,81.72544,96.0
2024-02-23 06:00:00,81.35016,96.0
2024-02-23 07:00:00,79.81411,95.0
2024-02-23 08:00:00,78.354866,96.0
2024-02-23 09:00:00,80.27381,96.0
2024-02-23 10:00:00,82.20329,96.0
2024-02-23 11:00:00,84.64141,96.0
2024-02-23 12:00:00,86.92133,96.0
2024-02-23 13:00:00,87.48943,97.0
2024-02-23 14:00:00,89.68876,97.0
2024-02-23 15:00:00,89.260185,98.0
2024-02-23 16:00:00,89.62387,98.0
2024-02-23 17:00:00,89.94214,98.0
2024-02-23 18:00:00,90.531265,98.0
2024-02-23 19:00:00,89.005394,99.0
2024-02-23 20:00:00,88.499374,99.0
2024-02-23 21:00:00,87.85509,100.0
2024-02-23 22:00:00,88.162735,102.0
2024-02-23 23:00:00,89.62897,105.0
2024-02-24 00:00:00,90.89285,109.0
2024-02-24 01:00:00,94.15789,113.0
2024-02-24 02:00:00,96.73536,117.0
2024-02-24 03:00:00,101.93215,120.0
2024-02-24 04:00:00,103.298965,123.0
2024-02-24 05:00:00,106.15151,126.0
2024-02-24 06:00:00,107.25905,130.0
2024-02-24 07:00:00,107.3564,133.0
2024-02-24 08:00:00,106.551865,136.0
2024-02-24 09:00:00,109.840965,137.0
2024-02-24 10:00:00,110.301,138.0
2024-02-24 11:00:00,111.91095,140.0
2024-02-24 12:00:00,113.80593,140.0
2024-02-24 13:00:00,117.452126,140.0
2024-02-24 14:00:00,116.48789,140.0
2024-02-24 15:00:00,117.776855,140.0
2024-02-24 16:00:00,125.16332,141.0
2024-02-24 17:00:00,129.11646,141.0
2024-02-24 18:00:00,125.92064,142.0
2024-02-24 19:00:00,126.182846,141.0
2024-02-24 20:00:00,123.828896,141.0
2024-02-24 21:00:00,122.44097,140.0
2024-02-24 22:00:00,118.1177,140.0
2024-02-24 23:00:00,115.361015,138.0
2024-02-25 00:00:00,113.11816,135.0
2024-02-25 01:00:00,110.62589,131.0
2024-02-25 02:00:00,108.10575,127.0
2024-02-25 03:00:00,106.09224,123.0
2024-02-25 04:00:00,104.36733,119.0
2024-02-25 05:00:00,103.28887,115.0
2024-02-25 06:00:00,100.315956,111.0
2024-02-25 07:00:00,97.46987,107.0
2024-02-25 08:00:00,92.528465,103.0
2024-02-25 09:00:00,88.94464,100.0
2024-02-25 10:00:00,87.61981,99.0
2024-02-25 11:00:00,86.691444,97.0
2024-02-25 12:00:00,86.84042,96.0
2024-02-25 13:00:00,86.540665,95.0
2024-02-25 14:00:00,89.315674,95.0
2024-02-25 15:00:00,86.541176,95.0
2024-02-25 16:00:00,85.77482,95.0
2024-02-25 17:00:00,82.11403,95.0
2024-02-25 18:00:00,85.75976,95.0
2024-02-25 19:00:00,86.36148,96.0
2024-02-25 20:00:00,84.37824,96.0
2024-02-25 21:00:00,82.8816,95.0
2024-02-25 22:00:00,86.792786,94.0
2024-02-25 23:00:00,89.796265,92.0
2024-02-26 00:00:00,92.443726,90.0
2024-02-26 01:00:00,95.34855,90.0
2024-02-26 02:00:00,96.00107,90.0
2024-02-26 03:00:00,96.70023,91.0
2024-02-26 04:00:00,97.082054,92.0
2024-02-26 05:00:00,97.68139,93.0
2024-02-26 06:00:00,97.39291,94.0
2024-02-26 07:00:00,96.903564,95.0
2024-02-26 08:00:00,98.0186,96.0
2024-02-26 09:00:00,105.30958,98.0
2024-02-26 10:00:00,105.003075,100.0
2024-02-26 11:00:00,105.00223,102.0
2024-02-26 12:00:00,107.29051,103.0
2024-02-26 13:00:00,107.68005,105.0
2024-02-26 14:00:00,105.92505,107.0
2024-02-26 15:00:00,108.253136,110.0
2024-02-26 16:00:00,115.32619,111.0
2024-02-26 17:00:00,119.98316,113.0
2024-02-26 18:00:00,121.448746,115.0
2024-02-26 19:00:00,129.99875,118.0
2024-02-26 20:00:00,132.34189,123.0
2024-02-26 21:00:00,135.14594,129.0
2024-02-26 22:00:00,137.65565,135.0
2024-02-26 23:00:00,139.42967,142.0
2024-02-27 00:00:00,141.61612,148.0
2024-02-27 01:00:00,144.94554,151.0
2024-02-27 02:00:00,148.8521,153.0
2024-02-27 03:00:00,150.87143,155.0
2024-02-27 04:00:00,150.72296,156.0
2024-02-27 05:00:00,152.09698,158.0
2024-02-27 06:00:00,151.7548,159.0
2024-02-27 07:00:00,147.86815,161.0
2024-02-27 08:00:00,147.53587,161.0
2024-02-27 09:00:00,149.46552,162.0
2024-02-27 10:00:00,150.90742,163.0
2024-02-27 11:00:00,151.24953,164.0
2024-02-27 12:00:00,154.48888,164.0
2024-02-27 13:00:00,160.84909,164.0
2024-02-27 14:00:00,172.45404,164.0
2024-02-27 15:00:00,173.65999,163.0
2024-02-27 16:00:00,175.63983,163.0
2024-02-27 17:00:00,182.28148,163.0
2024-02-27 18:00:00,185.39775,162.0
2024-02-27 19:00:00,187.26384,162.0
2024-02-27 20:00:00,177.87749,159.99999999999997
2024-02-27 21:00:00,168.42267,159.0
2024-02-27 22:00:00,159.79932,157.0
2024-02-27 23:00:00,153.5661,155.0
2024-02-28 00:00:00,147.06186,153.0
2024-02-28 01:00:00,144.76408,151.0
2024-02-28 02:00:00,140.63345,146.0
2024-02-28 03:00:00,132.68945,138.0
2024-02-28 04:00:00,126.65734,132.0
2024-02-28 05:00:00,123.27768,127.0
2024-02-28 06:00:00,116.649414,122.0
2024-02-28 07:00:00,111.40042,116.0
2024-02-28 08:00:00,105.3452,113.0
2024-02-28 09:00:00,100.55228,109.0
2024-02-28 10:00:00,95.103806,105.0
2024-02-28 11:00:00,93.46311,102.0
2024-02-28 12:00:00,91.66065,100.0
2024-02-28 13:00:00,94.79445,100.0
2024-02-28 14:00:00,100.28068,100.0
2024-02-28 15:00:00,105.06157,100.0
2024-02-28 16:00:00,109.12823,99.0
2024-02-28 17:00:00,101.41554,98.0
2024-02-28 18:00:00,98.37148,97.0
2024-02-28 19:00:00,96.86175,97.0
2024-02-28 20:00:00,100.07863,98.0
2024-02-28 21:00:00,102.51882,101.0
2024-02-28 22:00:00,106.3612,106.0
2024-02-28 23:00:00,110.21642,112.00000000000001
2024-02-29 00:00:00,113.79384,119.0
2024-02-29 01:00:00,118.1423,126.0
2024-02-29 02:00:00,123.37709,133.0
2024-02-29 03:00:00,126.65289,138.0
2024-02-29 04:00:00,129.28899,143.0
2024-02-29 05:00:00,132.33612,147.0
2024-02-29 06:00:00,132.83318,150.0
2024-02-29 07:00:00,131.80804,151.0
2024-02-29 08:00:00,129.30855,152.0
2024-02-29 09:00:00,128.06892,152.0
2024-02-29 10:00:00,125.44818,153.0
2024-02-29 11:00:00,125.20851,153.0
2024-02-29 12:00:00,131.2075,153.0
2024-02-29 13:00:00,138.25705,153.0
2024-02-29 14:00:00,154.72646,153.0
2024-02-29 15:00:00,155.07977,153.0
2024-02-29 16:00:00,159.91812,153.0
2024-02-29 17:00:00,155.46873,153.0
2024-02-29 18:00:00,153.9019,153.0
2024-02-29 19:00:00,152.8133,154.0
2024-02-29 20:00:00,152.42906,154.0
2024-02-29 21:00:00,152.88283,155.0
2024-02-29 22:00:00,152.06912,155.0
2024-02-29 23:00:00,152.02414,155.0
2024-03-01 00:00:00,152.95877,156.0
2024-03-01 01:00:00,154.68782,156.0
2024-03-01 02:00:00,155.66162,157.0
2024-03-01 03:00:00,156.16489,157.0
2024-03-01 04:00:00,156.88446,157.0
2024-03-01 05:00:00,156.63579,158.0
2024-03-01 06:00:00,156.90558,158.0
2024-03-01 07:00:00,154.35242,158.0
2024-03-01 08:00:00,152.8341,158.0
2024-03-01 09:00:00,154.02173,158.0
2024-03-01 10:00:00,150.04369,158.0
2024-03-01 11:00:00,150.05727,158.0
2024-03-01 12:00:00,151.89119,158.0
2024-03-01 13:00:00,159.25328,158.0
2024-03-01 14:00:00,156.98488,158.0
2024-03-01 15:00:00,165.13521,158.0
2024-03-01 16:00:00,168.48076,159.0
2024-03-01 17:00:00,170.57257,159.0
2024-03-01 18:00:00,168.3004,159.0
2024-03-01 19:00:00,166.13918,159.0
2024-03-01 20:00:00,160.2049,158.0
2024-03-01 21:00:00,156.27646,157.0
2024-03-01 22:00:00,151.46054,156.0
2024-03-01 23:00:00,147.12553,155.0
2024-03-02 00:00:00,146.07552,154.0
2024-03-02 01:00:00,146.50761,153.0
2024-03-02 02:00:00,147.73047,152.0
2024-03-02 03:00:00,147.01395,152.0
2024-03-02 04:00:00,147.1419,151.0
2024-03-02 05:00:00,144.25064,151.0
2024-03-02 06:00:00,142.60114,151.0
2024-03-02 07:00:00,138.19742,151.0
2024-03-02 08:00:00,135.01454,151.0
2024-03-02 09:00:00,133.4071,151.0
2024-03-02 10:00:00,131.86197,151.0
2024-03-02 11:00:00,132.1728,151.0
2024-03-02 12:00:00,129.69235,151.0
2024-03-02 13:00:00,133.95877,151.0
2024-03-02 14:00:00,133.07375,151.0
2024-03-02 15:00:00,140.1948,151.0
2024-03-02 16:00:00,145.77661,151.0
2024-03-02 17:00:00,148.26077,151.0
2024-03-02 18:00:00,145.60014,151.0
2024-03-02 19:00:00,144.66185,151.0
2024-03-02 20:00:00,139.50928,150.0
2024-03-02 21:00:00,132.56815,149.00000000000003
2024-03-02 22:00:00,126.91658,146.0
2024-03-02 23:00:00,125.17715,143.0
2024-03-03 00:00:00,124.29504,140.0
2024-03-03 01:00:00,123.19192,137.0
2024-03-03 02:00:00,124.12916,134.0
2024-03-03 03:00:00,123.53769,132.0
2024-03-03 04:00:00,122.93188,130.0
2024-03-03 05:00:00,123.55611,127.0
2024-03-03 06:00:00,122.788864,126.0
2024-03-03 07:00:00,121.284836,124.0
2024-03-03 08:00:00,117.96274,122.0
2024-03-03 09:00:00,119.50966,121.0
2024-03-03 10:00:00,118.92694,121.0
2024-03-03 11:00:00,120.794525,120.0
2024-03-03 12:00:00,121.48377,119.0
2024-03-03 13:00:00,121.70544,119.0
2024-03-03 14:00:00,122.01487,118.0
2024-03-03 15:00:00,122.77438,118.0
2024-03-03 16:00:00,122.36112,117.0
2024-03-03 17:00:00,122.59836,117.0
2024-03-03 18:00:00,118.4437,117.0
2024-03-03 19:00:00,115.820305,117.0
2024-03-03 20:00:00,111.36918,119.0
2024-03-03 21:00:00,109.58782,121.0
2024-03-03 22:00:00,109.3224,123.0
2024-03-03 23:00:00,109.95967,125.0
2024-03-04 00:00:00,110.15829,124.0
2024-03-04 01:00:00,109.60295,122.0
2024-03-04 02:00:00,110.065956,119.0
2024-03-04 03:00:00,109.77169,117.0
2024-03-04 04:00:00,109.22559,115.0
2024-03-04 05:00:00,107.28078,112.00000000000001
2024-03-04 06:00:00,104.74728,110.0
2024-03-04 07:00:00,101.554344,107.0
2024-03-04 08:00:00,97.78112,105.0
2024-03-04 09:00:00,99.07182,104.0
2024-03-04 10:00:00,99.63765,103.0
2024-03-04 11:00:00,98.831154,102.0
2024-03-04 12:00:00,98.39725,102.0
2024-03-04 13:00:00,95.74211,101.0
2024-03-04 14:00:00,95.2563,100.0
2024-03-04 15:00:00,96.84532,99.0
2024-03-04 16:00:00,94.0745,98.0
2024-03-04 17:00:00,90.87101,97.0
2024-03-04 18:00:00,89.91042,96.0
2024-03-04 19:00:00,88.5574,94.0
2024-03-04 20:00:00,86.779175,94.0
2024-03-04 21:00:00,86.26614,93.0
2024-03-04 22:00:00,84.41328,92.0
2024-03-04 23:00:00,83.388855,90.0
2024-03-05 00:00:00,82.45096,89.0
2024-03-05 01:00:00,81.59558,88.0
2024-03-05 02:00:00,81.9373,88.0
2024-03-05 03:00:00,82.70165,87.0
2024-03-05 04:00:00,83.87639,87.0
2024-03-05 05:00:00,84.94866,87.0
2024-03-05 06:00:00,85.38062,87.0
2024-03-05 07:00:00,84.53668,87.0
2024-03-05 08:00:00,82.97143,86.0
2024-03-05 09:00:00,83.38442,86.0
2024-03-05 10:00:00,83.055145,85.0
2024-03-05 11:00:00,81.911,85.0
2024-03-05 12:00:00,82.418144,85.0
2024-03-05 13:00:00,96.617035,86.0
2024-03-05 14:00:00,108.14525,86.0
2024-03-05 15:00:00,100.880424,87.0
2024-03-05 16:00:00,95.72713,87.0
2024-03-05 17:00:00,89.60029,87.0
2024-03-05 18:00:00,86.62079,88.0
2024-03-05 19:00:00,84.869644,88.0
2024-03-05 20:00:00,83.29115,87.0
2024-03-05 21:00:00,82.554115,86.0
2024-03-05 22:00:00,82.06591,85.0
2024-03-05 23:00:00,81.97132,85.0
2024-03-06 00:00:00,82.56389,85.0
2024-03-06 01:00:00,83.91873,85.0
2024-03-06 02:00:00,84.56894,85.0
2024-03-06 03:00:00,86.28257,85.0
2024-03-06 04:00:00,88.537796,85.0
2024-03-06 05:00:00,90.59247,86.0
2024-03-06 06:00:00,91.67561,86.0
2024-03-06 07:00:00,90.280975,86.0
2024-03-06 08:00:00,88.20681,87.0
2024-03-06 09:00:00,89.065926,87.0
2024-03-06 10:00:00,87.61599,87.0
2024-03-06 11:00:00,85.696655,87.0
2024-03-06 12:00:00,83.11943,87.0
2024-03-06 13:00:00,82.51792,86.0
2024-03-06 14:00:00,97.46468,85.0
2024-03-06 15:00:00,94.306725,84.0
2024-03-06 16:00:00,87.86851,83.0
2024-03-06 17:00:00,85.08373,83.0
2024-03-06 18:00:00,84.69331,83.0
2024-03-06 19:00:00,85.181694,83.0
2024-03-06 20:00:00,84.56479,83.0
2024-03-06 21:00:00,83.92808,82.0
2024-03-06 22:00:00,83.73494,82.0
2024-03-06 23:00:00,83.62691,82.0
2024-03-07 00:00:00,83.006004,82.0
2024-03-07 01:00:00,83.11051,82.0
2024-03-07 02:00:00,82.78088,82.0
2024-03-07 03:00:00,83.575096,82.0
2024-03-07 04:00:00,84.86742,82.0
2024-03-07 05:00:00,86.81739,83.0
2024-03-07 06:00:00,87.49447,83.0
2024-03-07 07:00:00,86.536934,83.0
2024-03-07 08:00:00,84.29147,84.0
2024-03-07 09:00:00,83.296616,84.0
2024-03-07 10:00:00,82.651146,85.0
2024-03-07 11:00:00,84.07294,85.0
2024-03-07 12:00:00,97.961464,84.0
2024-03-07 13:00:00,98.668564,84.0
2024-03-07 14:00:00,98.93358,84.0
2024-03-07 15:00:00,88.9536,84.0
2024-03-07 16:00:00,84.851166,84.0
2024-03-07 17:00:00,84.617195,84.0
2024-03-07 18:00:00,85.67095,83.0
2024-03-07 19:00:00,85.75723,82.0
2024-03-07 20:00:00,84.659355,82.0
2024-03-07 21:00:00,83.86903,82.0
2024-03-07 22:00:00,81.71074,81.0
2024-03-07 23:00:00,80.216415,79.99999999999999
2024-03-08 00:00:00,78.95234,78.0
2024-03-08 01:00:00,77.17467,77.0
2024-03-08 02:00:00,78.466034,75.0
2024-03-08 03:00:00,79.17188,74.0
2024-03-08 04:00:00,82.067406,73.0
2024-03-08 05:00:00,82.39175,72.0
2024-03-08 06:00:00,81.213524,72.0
2024-03-08 07:00:00,78.82433,71.0
2024-03-08 08:00:00,74.85692,70.0
2024-03-08 09:00:00,72.59361,69.0
2024-03-08 10:00:00,71.4525,68.0
2024-03-08 11:00:00,70.05841,66.99999999999999
2024-03-08 12:00:00,68.320595,66.99999999999999
2024-03-08 13:00:00,67.58343,66.99999999999999
2024-03-08 14:00:00,70.20504,66.99999999999999
2024-03-08 15:00:00,70.56509,66.0
2024-03-08 16:00:00,69.678795,66.0
2024-03-08 17:00:00,68.06034,66.0
2024-03-08 18:00:00,68.90949,66.0
2024-03-08 19:00:00,68.75782,65.0
2024-03-08 20:00:00,68.12439,63.0
2024-03-08 21:00:00,66.69988,62.0
2024-03-08 22:00:00,65.0026,61.000000000000014
2024-03-08 23:00:00,63.228504,61.000000000000014
2024-03-09 00:00:00,61.9584,59.99999999999999
2024-03-09 01:00:00,60.66558,59.99999999999999
2024-03-09 02:00:00,61.415504,59.99999999999999
2024-03-09 03:00:00,61.985157,59.00000000000001
2024-03-09 04:00:00,63.628815,59.00000000000001
2024-03-09 05:00:00,64.77343,59.00000000000001
2024-03-09 06:00:00,66.01043,59.00000000000001
2024-03-09 07:00:00,65.10111,59.00000000000001
2024-03-09 08:00:00,63.42842,57.99999999999999
2024-03-09 09:00:00,61.640816,57.99999999999999
2024-03-09 10:00:00,60.139862,57.99999999999999
2024-03-09 11:00:00,60.21798,57.99999999999999
2024-03-09 12:00:00,60.14557,59.00000000000001
2024-03-09 13:00:00,61.93316,59.00000000000001
2024-03-09 14:00:00,66.47553,59.99999999999999
2024-03-09 15:00:00,69.49544,59.99999999999999
2024-03-09 16:00:00,70.149864,59.99999999999999
2024-03-09 17:00:00,72.0974,61.000000000000014
2024-03-09 18:00:00,76.486565,62.0
2024-03-09 19:00:00,80.54572,63.0
2024-03-09 20:00:00,83.38077,68.0
2024-03-09 21:00:00,87.178185,74.0
2024-03-09 22:00:00,91.165344,81.0
2024-03-09 23:00:00,95.09378,88.0
2024-03-10 00:00:00,98.107864,94.0
2024-03-10 01:00:00,102.19863,99.0
2024-03-10 02:00:00,105.9951,105.0
2024-03-10 03:00:00,108.870995,109.0
2024-03-10 04:00:00,112.50652,113.0
2024-03-10 05:00:00,115.545746,116.0
2024-03-10 06:00:00,118.08912,119.0
2024-03-10 07:00:00,119.30649,122.0
2024-03-10 08:00:00,121.98092,125.0
2024-03-10 09:00:00,127.95505,130.0
2024-03-10 10:00:00,133.52531,133.0
2024-03-10 11:00:00,135.66739,136.0
2024-03-10 12:00:00,138.71915,139.0
2024-03-10 13:00:00,141.2345,141.0
2024-03-10 14:00:00,139.61768,143.0
2024-03-10 15:00:00,144.58849,145.0
2024-03-10 16:00:00,150.34973,147.0
2024-03-10 17:00:00,153.31287,148.0
2024-03-10 18:00:00,153.71945,150.0
2024-03-10 19:00:00,149.66266,151.0
2024-03-10 20:00:00,146.2605,150.0
2024-03-10 21:00:00,141.0831,147.0
2024-03-10 22:00:00,135.8558,142.0
2024-03-10 23:00:00,132.40642,137.0
2024-03-11 00:00:00,132.02411,134.0
2024-03-11 01:00:00,132.76389,131.0
2024-03-11 02:00:00,129.78603,129.0
2024-03-11 03:00:00,125.70708,128.0
2024-03-11 04:00:00,124.398994,126.0
2024-03-11 05:00:00,121.4805,125.0
2024-03-11 06:00:00,119.2947,123.0
2024-03-11 07:00:00,114.76424,121.0
2024-03-11 08:00:00,110.566826,121.0
2024-03-11 09:00:00,106.392006,119.0
2024-03-11 10:00:00,104.17227,116.0
2024-03-11 11:00:00,104.19491,114.0
2024-03-11 12:00:00,104.57073,112.00000000000001
2024-03-11 13:00:00,106.7797,111.0
2024-03-11 14:00:00,109.45319,110.0
2024-03-11 15:00:00,104.87881,109.0
2024-03-11 16:00:00,101.418976,109.0
2024-03-11 17:00:00,101.17877,108.0
2024-03-11 18:00:00,96.41535,107.0
2024-03-11 19:00:00,93.18027,105.0
2024-03-11 20:00:00,91.67407,102.0
2024-03-11 21:00:00,90.187584,100.0
2024-03-11 22:00:00,90.05265,99.0
2024-03-11 23:00:00,89.9564,98.0
2024-03-12 00:00:00,86.473724,97.0
2024-03-12 01:00:00,85.05304,95.0
2024-03-12 02:00:00,84.87107,93.0
2024-03-12 03:00:00,84.671486,92.0
2024-03-12 04:00:00,84.69298,91.0
2024-03-12 05:00:00,86.4679,90.0
2024-03-12 06:00:00,86.73111,90.0
2024-03-12 07:00:00,85.23221,90.0
2024-03-12 08:00:00,83.306656,89.0
2024-03-12 09:00:00,84.27591,88.0
2024-03-12 10:00:00,83.46258,89.0
2024-03-12 11:00:00,84.5995,90.0
2024-03-12 12:00:00,87.722824,91.0
2024-03-12 13:00:00,88.600105,92.0
2024-03-12 14:00:00,91.90553,92.0
2024-03-12 15:00:00,94.9731,93.0
2024-03-12 16:00:00,98.33393,108.0
2024-03-12 17:00:00,101.81745,124.0
2024-03-12 18:00:00,102.35933,119.0
2024-03-12 19:00:00,100.03209,95.0
2024-03-12 20:00:00,96.840294,92.0
2024-03-12 21:00:00,95.666725,91.0
2024-03-12 22:00:00,92.60909,91.0
2024-03-12 23:00:00,90.583115,90.0
2024-03-13 00:00:00,87.625404,89.0
2024-03-13 01:00:00,87.00438,89.0
2024-03-13 02:00:00,84.66541,89.0
2024-03-13 03:00:00,86.08599,89.0
2024-03-13 04:00:00,86.08834,89.0
2024-03-13 05:00:00,88.17472,89.0
2024-03-13 06:00:00,85.714615,89.0
2024-03-13 07:00:00,84.12905,89.0
2024-03-13 08:00:00,81.32196,88.0
2024-03-13 09:00:00,80.76769,88.0
2024-03-13 10:00:00,82.21878,88.0
2024-03-13 11:00:00,84.27664,88.0
2024-03-13 12:00:00,86.37926,88.0
2024-03-13 13:00:00,87.63124,89.0
2024-03-13 14:00:00,89.45578,89.0
2024-03-13 15:00:00,90.1822,91.0
2024-03-13 16:00:00,89.54092,92.0
2024-03-13 17:00:00,87.77894,92.0
2024-03-13 18:00:00,84.77525,93.0
2024-03-13 19:00:00,87.87187,94.0
2024-03-13 20:00:00,87.554825,96.0
2024-03-13 21:00:00,88.34958,97.0
2024-03-13 22:00:00,88.247,97.0
2024-03-13 23:00:00,89.33446,97.0
2024-03-14 00:00:00,89.261475,98.0
2024-03-14 01:00:00,89.815575,98.0
2024-03-14 02:00:00,90.40511,98.0
2024-03-14 03:00:00,92.65815,98.0
2024-03-14 04:00:00,93.128654,99.0
2024-03-14 05:00:00,96.17467,100.0
2024-03-14 06:00:00,95.0159,101.0
2024-03-14 07:00:00,94.5586,102.0
2024-03-14 08:00:00,91.36634,102.0
2024-03-14 09:00:00,90.65424,102.0
2024-03-14 10:00:00,89.78324,102.0
2024-03-14 11:00:00,90.834435,101.0
2024-03-14 12:00:00,91.78976,99.0
2024-03-14 13:00:00,89.828705,98.0
2024-03-14 14:00:00,91.00905,97.0
2024-03-14 15:00:00,90.79789,95.0
2024-03-14 16:00:00,95.78898,93.0
2024-03-14 17:00:00,91.57921,91.0
2024-03-14 18:00:00,91.0363,89.0
2024-03-14 19:00:00,90.07974,87.0
2024-03-14 20:00:00,89.04945,85.0
2024-03-14 21:00:00,87.30345,83.0
2024-03-14 22:00:00,85.94379,82.0
2024-03-14 23:00:00,85.176384,79.99999999999999
2024-03-15 00:00:00,83.984535,78.0
2024-03-15 01:00:00,81.66974,77.0
2024-03-15 02:00:00,78.714554,75.0
2024-03-15 03:00:00,75.13675,73.0
2024-03-15 04:00:00,73.62666,72.0
2024-03-15 05:00:00,73.40256,70.0
2024-03-15 06:00:00,71.79311,68.0
2024-03-15 07:00:00,69.61005,66.99999999999999
2024-03-15 08:00:00,66.74833,66.0
2024-03-15 09:00:00,65.00162,64.0
2024-03-15 10:00:00,63.778965,63.0
2024-03-15 11:00:00,64.311195,62.0
2024-03-15 12:00:00,65.21942,61.000000000000014
2024-03-15 13:00:00,65.53856,59.99999999999999
2024-03-15 14:00:00,69.1998,59.00000000000001
2024-03-15 15:00:00,70.10673,57.99999999999999
2024-03-15 16:00:00,69.43246,57.00000000000001
2024-03-15 17:00:00,66.56522,57.00000000000001
2024-03-15 18:00:00,65.56029,56.00000000000001
2024-03-15 19:00:00,65.42207,56.00000000000001
2024-03-15 20:00:00,66.414894,55.0
2024-03-15 21:00:00,66.525955,55.0
2024-03-15 22:00:00,66.16457,55.0
2024-03-15 23:00:00,64.74627,56.00000000000001
2024-03-16 00:00:00,63.529015,56.00000000000001
2024-03-16 01:00:00,63.192078,57.00000000000001
2024-03-16 02:00:00,63.025955,57.99999999999999
2024-03-16 03:00:00,62.966072,59.00000000000001
2024-03-16 04:00:00,63.416378,59.00000000000001
2024-03-16 05:00:00,63.40801,59.00000000000001
2024-03-16 06:00:00,63.21699,59.00000000000001
2024-03-16 07:00:00,62.046753,59.00000000000001
2024-03-16 08:00:00,59.69506,59.00000000000001
2024-03-16 09:00:00,58.136646,59.00000000000001
2024-03-16 10:00:00,58.14269,59.00000000000001
2024-03-16 11:00:00,59.789303,59.00000000000001
2024-03-16 12:00:00,61.914055,59.00000000000001
2024-03-16 13:00:00,64.03252,59.00000000000001
2024-03-16 14:00:00,68.41539,59.00000000000001
2024-03-16 15:00:00,66.89486,59.00000000000001
2024-03-16 16:00:00,66.30547,59.00000000000001
2024-03-16 17:00:00,66.76385,59.00000000000001
2024-03-16 18:00:00,67.693634,57.99999999999999
2024-03-16 19:00:00,66.996796,59.00000000000001
2024-03-16 20:00:00,65.91063,59.00000000000001
2024-03-16 21:00:00,64.83697,59.00000000000001
2024-03-16 22:00:00,64.17961,59.00000000000001
2024-03-16 23:00:00,63.00403,59.00000000000001
2024-03-17 00:00:00,62.630795,59.00000000000001
2024-03-17 01:00:00,62.62888,59.00000000000001
2024-03-17 02:00:00,62.83866,59.00000000000001
2024-03-17 03:00:00,63.258293,59.00000000000001
2024-03-17 04:00:00,63.93319,59.00000000000001
2024-03-17 05:00:00,64.76778,59.00000000000001
2024-03-17 06:00:00,64.5915,59.00000000000001
2024-03-17 07:00:00,63.756042,59.00000000000001
2024-03-17 08:00:00,62.557655,59.00000000000001
2024-03-17 09:00:00,61.912952,59.00000000000001
2024-03-17 10:00:00,61.07921,59.00000000000001
2024-03-17 11:00:00,61.07304,59.00000000000001
2024-03-17 12:00:00,60.313057,59.00000000000001
2024-03-17 13:00:00,60.036293,59.00000000000001
2024-03-17 14:00:00,60.432236,59.00000000000001
2024-03-17 15:00:00,60.31787,59.00000000000001
2024-03-17 16:00:00,60.303226,59.00000000000001
2024-03-17 17:00:00,61.679764,59.00000000000001
2024-03-17 18:00:00,63.41117,59.00000000000001
2024-03-17 19:00:00,63.859104,59.00000000000001
2024-03-17 20:00:00,64.26442,59.00000000000001
2024-03-17 21:00:00,64.01906,59.99999999999999
2024-03-17 22:00:00,63.983368,59.99999999999999
2024-03-17 23:00:00,63.863182,59.99999999999999
2024-03-18 00:00:00,63.757435,61.000000000000014
2024-03-18 01:00:00,63.864807,61.000000000000014
2024-03-18 02:00:00,64.233475,62.0
2024-03-18 03:00:00,65.33866,62.0
2024-03-18 04:00:00,67.0192,62.0
2024-03-18 05:00:00,69.29267,63.0
2024-03-18 06:00:00,68.778305,63.0
2024-03-18 07:00:00,68.0445,63.0
2024-03-18 08:00:00,67.19098,64.0
2024-03-18 09:00:00,67.087685,64.0
2024-03-18 10:00:00,66.57383,64.0
2024-03-18 11:00:00,67.25865,64.0
2024-03-18 12:00:00,68.665375,65.0
2024-03-18 13:00:00,68.4259,65.0
2024-03-18 14:00:00,68.542816,65.0
2024-03-18 15:00:00,67.809006,65.0
2024-03-18 16:00:00,67.98191,65.0
2024-03-18 17:00:00,68.6582,65.0
2024-03-18 18:00:00,69.84995,65.0
2024-03-18 19:00:00,69.66134,65.0
2024-03-18 20:00:00,69.21503,65.0
2024-03-18 21:00:00,68.5531,65.0
2024-03-18 22:00:00,68.294815,65.0
2024-03-18 23:00:00,68.3569,65.0
2024-03-19 00:00:00,68.68372,66.0
2024-03-19 01:00:00,69.28062,66.0
2024-03-19 02:00:00,70.241905,66.99999999999999
2024-03-19 03:00:00,71.679146,66.99999999999999
2024-03-19 04:00:00,73.385414,68.0
2024-03-19 05:00:00,74.6068,68.0
2024-03-19 06:00:00,74.75645,69.0
2024-03-19 07:00:00,73.340935,69.0
2024-03-19 08:00:00,71.13113,70.0
2024-03-19 09:00:00,72.07198,70.0
2024-03-19 10:00:00,73.32315,71.0
2024-03-19 11:00:00,74.542984,71.0
2024-03-19 12:00:00,75.27075,71.0
2024-03-19 13:00:00,75.02911,71.0
2024-03-19 14:00:00,73.68036,71.0
2024-03-19 15:00:00,72.305534,71.0
2024-03-19 16:00:00,73.03323,71.0
2024-03-19 17:00:00,72.94352,71.0
2024-03-19 18:00:00,73.44099,71.0
2024-03-19 19:00:00,72.985115,71.0
2024-03-19 20:00:00,72.41047,71.0
2024-03-19 21:00:00,71.329124,71.0
2024-03-19 22:00:00,70.17015,70.0
2024-03-19 23:00:00,68.609375,70.0
2024-03-20 00:00:00,67.53946,70.0
2024-03-20 01:00:00,67.32938,69.0
2024-03-20 02:00:00,67.402626,69.0
2024-03-20 03:00:00,67.85816,69.0
2024-03-20 04:00:00,68.98575,69.0
2024-03-20 05:00:00,70.30631,69.0
2024-03-20 06:00:00,70.4282,69.0
2024-03-20 07:00:00,69.123566,68.0
2024-03-20 08:00:00,67.33516,68.0
2024-03-20 09:00:00,68.13069,69.0
2024-03-20 10:00:00,70.27119,69.0
2024-03-20 11:00:00,72.616776,70.0
2024-03-20 12:00:00,73.94663,71.0
2024-03-20 13:00:00,74.371124,71.0
2024-03-20 14:00:00,74.89926,72.0
2024-03-20 15:00:00,76.043076,73.0
2024-03-20 16:00:00,78.03833,73.0
2024-03-20 17:00:00,77.850525,74.0
2024-03-20 18:00:00,77.94169,74.0
2024-03-20 19:00:00,76.44869,75.0
2024-03-20 20:00:00,75.13124,76.0
2024-03-20 21:00:00,73.43627,77.0
2024-03-20 22:00:00,71.95845,78.0
2024-03-20 23:00:00,71.09096,78.0
2024-03-21 00:00:00,69.82376,78.0
2024-03-21 01:00:00,69.47744,79.0
2024-03-21 02:00:00,69.98772,79.0
2024-03-21 03:00:00,70.86566,79.99999999999999
2024-03-21 04:00:00,72.11479,79.99999999999999
2024-03-21 05:00:00,73.260704,79.99999999999999
2024-03-21 06:00:00,72.8658,81.0
2024-03-21 07:00:00,70.91007,81.0
2024-03-21 08:00:00,69.26523,81.0
2024-03-21 09:00:00,71.20703,81.0
2024-03-21 10:00:00,72.77785,81.0
2024-03-21 11:00:00,75.43043,79.99999999999999
2024-03-21 12:00:00,76.2196,79.99999999999999
2024-03-21 13:00:00,75.31965,79.99999999999999
2024-03-21 14:00:00,74.82051,79.99999999999999
2024-03-21 15:00:00,74.595535,81.0
2024-03-21 16:00:00,76.596405,82.0
2024-03-21 17:00:00,81.47847,84.0
2024-03-21 18:00:00,83.681656,85.0
2024-03-21 19:00:00,82.57229,86.0
2024-03-21 20:00:00,81.602295,88.0
2024-03-21 21:00:00,82.94762,89.0
2024-03-21 22:00:00,84.499435,90.0
2024-03-21 23:00:00,87.310104,91.0
2024-03-22 00:00:00,83.677765,92.0
2024-03-22 01:00:00,83.94943,94.0
2024-03-22 02:00:00,86.5632,95.0
2024-03-22 03:00:00,87.222336,97.0
2024-03-22 04:00:00,89.9846,98.0
2024-03-22 05:00:00,91.94495,99.0
2024-03-22 06:00:00,93.96944,100.0
2024-03-22 07:00:00,94.661316,100.0
2024-03-22 08:00:00,95.37472,101.0
2024-03-22 09:00:00,99.74081,103.0
2024-03-22 10:00:00,101.43797,105.0
2024-03-22 11:00:00,101.440636,106.0
2024-03-22 12:00:00,101.57002,107.0
2024-03-22 13:00:00,100.50995,107.0
2024-03-22 14:00:00,100.85031,106.0
2024-03-22 15:00:00,103.701385,106.0
2024-03-22 16:00:00,110.117386,106.0
2024-03-22 17:00:00,114.23851,107.0
2024-03-22 18:00:00,115.44459,107.0
2024-03-22 19:00:00,119.34907,109.0
2024-03-22 20:00:00,122.37067,111.0
2024-03-22 21:00:00,123.022316,116.0
2024-03-22 22:00:00,123.55817,122.0
2024-03-22 23:00:00,126.20491,128.0
2024-03-23 00:00:00,127.99822,133.0
2024-03-23 01:00:00,130.6381,137.0
2024-03-23 02:00:00,133.32036,141.0
2024-03-23 03:00:00,135.81178,145.0
2024-03-23 04:00:00,138.90855,149.00000000000003
2024-03-23 05:00:00,141.4553,151.0
2024-03-23 06:00:00,143.44855,152.0
2024-03-23 07:00:00,144.8798,153.0
2024-03-23 08:00:00,147.65068,154.0
2024-03-23 09:00:00,155.2175,155.0
2024-03-23 10:00:00,155.38193,156.0
2024-03-23 11:00:00,157.45811,156.0
2024-03-23 12:00:00,160.61227,157.0
2024-03-23 13:00:00,167.43312,158.0
2024-03-23 14:00:00,169.96349,158.0
2024-03-23 15:00:00,178.74489,164.0
2024-03-23 16:00:00,192.53772,205.0
2024-03-23 17:00:00,214.88686,223.0
2024-03-23 18:00:00,221.54451,232.0
2024-03-23 19:00:00,218.55376,232.0
2024-03-23 20:00:00,209.45496,221.0
2024-03-23 21:00:00,193.31293,207.0
2024-03-23 22:00:00,181.2691,175.0
2024-03-23 23:00:00,168.2185,164.0
2024-03-24 00:00:00,165.85487,164.0
2024-03-24 01:00:00,165.99095,165.0
2024-03-24 02:00:00,166.15042,165.0
2024-03-24 03:00:00,165.40622,165.0
2024-03-24 04:00:00,164.93317,165.0
2024-03-24 05:00:00,165.84395,165.0
2024-03-24 06:00:00,164.90808,165.0
2024-03-24 07:00:00,163.43471,165.0
2024-03-24 08:00:00,163.36559,165.0
2024-03-24 09:00:00,164.90076,164.0
2024-03-24 10:00:00,165.08417,165.0
2024-03-24 11:00:00,167.94278,165.0
2024-03-24 12:00:00,169.95483,165.0
2024-03-24 13:00:00,175.02057,165.0
2024-03-24 14:00:00,177.93068,166.0
2024-03-24 15:00:00,184.443,178.0
2024-03-24 16:00:00,198.73007,208.0
2024-03-24 17:00:00,220.53914,219.0
2024-03-24 18:00:00,223.86255,223.0
2024-03-24 19:00:00,217.17012,220.0
2024-03-24 20:00:00,201.07474,210.0
2024-03-24 21:00:00,187.50613,194.0
2024-03-24 22:00:00,176.93758,162.0
2024-03-24 23:00:00,165.74254,159.99999999999997
2024-03-25 00:00:00,164.63126,159.0
2024-03-25 01:00:00,163.20184,157.0
2024-03-25 02:00:00,161.9959,156.0
2024-03-25 03:00:00,160.1192,155.0
2024-03-25 04:00:00,158.58006,154.0
2024-03-25 05:00:00,157.59724,153.0
2024-03-25 06:00:00,155.47469,152.0
2024-03-25 07:00:00,152.84601,151.0
2024-03-25 08:00:00,151.30962,148.0
2024-03-25 09:00:00,149.8937,146.0
2024-03-25 10:00:00,147.15968,143.0
2024-03-25 11:00:00,145.5032,141.0
2024-03-25 12:00:00,145.77118,139.0
2024-03-25 13:00:00,147.04442,136.0
2024-03-25 14:00:00,146.79796,135.0
2024-03-25 15:00:00,157.92978,134.0
2024-03-25 16:00:00,170.00095,166.0
2024-03-25 17:00:00,185.23643,191.0
2024-03-25 18:00:00,189.69612,200.0
2024-03-25 19:00:00,183.5482,194.0
2024-03-25 20:00:00,170.7416,172.0
2024-03-25 21:00:00,157.91763,143.0
2024-03-25 22:00:00,147.17244,132.0
2024-03-25 23:00:00,144.14137,135.0
2024-03-26 00:00:00,143.43944,139.0
2024-03-26 01:00:00,144.21413,143.0
2024-03-26 02:00:00,145.03961,148.0
2024-03-26 03:00:00,146.00839,151.0
2024-03-26 04:00:00,145.84146,152.0
2024-03-26 05:00:00,145.0743,153.0
2024-03-26 06:00:00,145.52464,155.0
2024-03-26 07:00:00,145.2256,156.0
2024-03-26 08:00:00,145.3859,157.0
2024-03-26 09:00:00,149.12936,158.0
2024-03-26 10:00:00,150.55055,158.0
2024-03-26 11:00:00,149.9148,159.0
2024-03-26 12:00:00,151.25198,159.0
2024-03-26 13:00:00,152.44182,159.99999999999997
2024-03-26 14:00:00,157.6235,159.99999999999997
2024-03-26 15:00:00,164.8157,159.99999999999997
2024-03-26 16:00:00,174.54565,184.0
2024-03-26 17:00:00,186.99585,203.0
2024-03-26 18:00:00,186.90216,207.0
2024-03-26 19:00:00,177.18086,203.0
2024-03-26 20:00:00,164.61443,183.0
2024-03-26 21:00:00,155.10716,162.0
2024-03-26 22:00:00,147.26105,161.0
2024-03-26 23:00:00,146.50189,161.0
2024-03-27 00:00:00,145.10521,161.0
2024-03-27 01:00:00,146.58739,161.0
2024-03-27 02:00:00,146.37997,161.0
2024-03-27 03:00:00,146.47025,161.0
2024-03-27 04:00:00,147.59326,161.0
2024-03-27 05:00:00,147.42911,161.0
2024-03-27 06:00:00,143.83116,162.0
2024-03-27 07:00:00,138.98433,162.0
2024-03-27 08:00:00,136.6136,162.0
2024-03-27 09:00:00,139.2017,162.0
2024-03-27 10:00:00,139.06514,162.0
2024-03-27 11:00:00,138.72948,163.0
2024-03-27 12:00:00,130.76929,163.0
2024-03-27 13:00:00,138.76001,163.0
2024-03-27 14:00:00,139.04507,163.0
2024-03-27 15:00:00,156.07007,163.0
2024-03-27 16:00:00,162.69702,163.0
2024-03-27 17:00:00,165.01141,170.99999999999997
2024-03-27 18:00:00,162.85365,172.0
2024-03-27 19:00:00,160.93149,163.0
2024-03-27 20:00:00,156.652,163.0
2024-03-27 21:00:00,155.16794,163.0
2024-03-27 22:00:00,156.34898,163.0
2024-03-27 23:00:00,155.88885,162.0
2024-03-28 00:00:00,154.45558,162.0
2024-03-28 01:00:00,155.0207,162.0
2024-03-28 02:00:00,156.14468,161.0
2024-03-28 03:00:00,156.98216,159.99999999999997
2024-03-28 04:00:00,156.0216,159.0
2024-03-28 05:00:00,156.53195,158.0
2024-03-28 06:00:00,155.73373,157.0
2024-03-28 07:00:00,153.09952,156.0
2024-03-28 08:00:00,150.37703,156.0
2024-03-28 09:00:00,153.9849,156.0
2024-03-28 10:00:00,151.57097,155.0
2024-03-28 11:00:00,152.5938,155.0
2024-03-28 12:00:00,154.66594,155.0
2024-03-28 13:00:00,156.76083,155.0
2024-03-28 14:00:00,161.5903,155.0
2024-03-28 15:00:00,172.96362,175.0
2024-03-28 16:00:00,190.17451,207.0
2024-03-28 17:00:00,204.73532,220.0
2024-03-28 18:00:00,208.71503,225.0
2024-03-28 19:00:00,202.13983,221.0
2024-03-28 20:00:00,192.27042,208.0
2024-03-28 21:00:00,179.40578,182.0
2024-03-28 22:00:00,168.69371,155.0
2024-03-28 23:00:00,161.64381,155.0
2024-03-29 00:00:00,159.87392,155.0
2024-03-29 01:00:00,159.68228,154.0
2024-03-29 02:00:00,159.90457,154.0
2024-03-29 03:00:00,159.7407,154.0
2024-03-29 04:00:00,159.33798,154.0
2024-03-29 05:00:00,159.13013,153.0
2024-03-29 06:00:00,157.57838,153.0
2024-03-29 07:00:00,155.20355,153.0
2024-03-29 08:00:00,152.57217,153.0
2024-03-29 09:00:00,152.74814,152.0
2024-03-29 10:00:00,151.26195,152.0
2024-03-29 11:00:00,151.66078,152.0
2024-03-29 12:00:00,153.62,152.0
2024-03-29 13:00:00,157.72813,151.0
2024-03-29 14:00:00,164.65785,151.0
2024-03-29 15:00:00,178.0058,174.0
2024-03-29 16:00:00,199.44164,207.0
2024-03-29 17:00:00,222.23573,220.0
2024-03-29 18:00:00,226.90056,227.0
2024-03-29 19:00:00,216.67836,225.0
2024-03-29 20:00:00,200.30116,215.0
2024-03-29 21:00:00,185.56819,200.0
2024-03-29 22:00:00,174.00894,158.0
2024-03-29 23:00:00,160.84848,153.0
2024-03-30 00:00:00,161.34084,155.0
2024-03-30 01:00:00,160.3678,157.0
2024-03-30 02:00:00,161.68324,158.0
2024-03-30 03:00:00,161.91153,159.99999999999997
2024-03-30 04:00:00,162.30887,161.0
2024-03-30 05:00:00,161.7842,163.0
2024-03-30 06:00:00,161.46861,164.0
2024-03-30 07:00:00,158.89705,165.0
2024-03-30 08:00:00,158.09976,166.0
2024-03-30 09:00:00,162.79674,167.0
2024-03-30 10:00:00,159.79785,168.0
2024-03-30 11:00:00,160.07329,169.0
2024-03-30 12:00:00,164.77243,169.0
2024-03-30 13:00:00,171.23808,184.0
2024-03-30 14:00:00,183.33015,191.0
2024-03-30 15:00:00,201.54865,214.0
2024-03-30 16:00:00,233.38062,237.0
2024-03-30 17:00:00,240.04053,255.0
2024-03-30 18:00:00,246.3225,264.0
2024-03-30 19:00:00,244.88083,262.0
2024-03-30 20:00:00,239.21791,250.0
2024-03-30 21:00:00,219.21591,233.0
2024-03-30 22:00:00,200.24573,212.0
2024-03-30 23:00:00,183.33083,174.0
2024-03-31 00:00:00,169.34247,169.0
2024-03-31 01:00:00,169.40297,167.0
2024-03-31 02:00:00,169.97636,166.0
2024-03-31 03:00:00,169.71074,164.0
2024-03-31 04:00:00,166.98808,163.0
2024-03-31 05:00:00,164.45245,161.0
2024-03-31 06:00:00,160.14313,159.99999999999997
2024-03-31 07:00:00,157.34218,159.0
2024-03-31 08:00:00,153.01784,158.0
2024-03-31 09:00:00,152.36235,156.0
2024-03-31 10:00:00,145.23016,156.0
2024-03-31 11:00:00,140.73944,155.0
2024-03-31 12:00:00,138.93365,155.0
2024-03-31 13:00:00,138.44566,155.0
2024-03-31 14:00:00,141.03943,154.0
2024-03-31 15:00:00,150.035,153.0
2024-03-31 16:00:00,154.97104,153.0
2024-03-31 17:00:00,160.96803,170.0
2024-03-31 18:00:00,166.45993,175.0
2024-03-31 19:00:00,163.6456,168.0
2024-03-31 20:00:00,155.33128,153.0
2024-03-31 21:00:00,148.98462,153.0
2024-03-31 22:00:00,148.66553,154.0
2024-03-31 23:00:00,148.86258,156.0
2024-04-01 00:00:00,149.73662,159.0
2024-04-01 01:00:00,151.9398,161.0
2024-04-01 02:00:00,153.90694,163.0
2024-04-01 03:00:00,154.9911,165.0
2024-04-01 04:00:00,156.80647,167.0
2024-04-01 05:00:00,158.45285,169.0
2024-04-01 06:00:00,158.72816,170.99999999999997
2024-04-01 07:00:00,159.02147,173.0
2024-04-01 08:00:00,161.71564,175.0
2024-04-01 09:00:00,165.04042,176.0
2024-04-01 10:00:00,165.36691,176.0
2024-04-01 11:00:00,170.14934,177.0
2024-04-01 12:00:00,175.9715,177.0
2024-04-01 13:00:00,187.99985,177.0
2024-04-01 14:00:00,195.37549,177.0
2024-04-01 15:00:00,201.93204,209.0
2024-04-01 16:00:00,225.13214,228.0
2024-04-01 17:00:00,243.38687,240.0
2024-04-01 18:00:00,243.95918,244.0
2024-04-01 19:00:00,233.92122,240.0
2024-04-01 20:00:00,215.75102,229.0
2024-04-01 21:00:00,199.48723,214.0
2024-04-01 22:00:00,186.4258,189.0
2024-04-01 23:00:00,174.28656,174.0
2024-04-02 00:00:00,169.32101,173.0
2024-04-02 01:00:00,168.0511,170.99999999999997
2024-04-02 02:00:00,167.4425,169.0
2024-04-02 03:00:00,166.00935,168.0
2024-04-02 04:00:00,165.465,166.0
2024-04-02 05:00:00,165.16779,165.0
2024-04-02 06:00:00,163.44696,163.0
2024-04-02 07:00:00,160.17468,162.0
2024-04-02 08:00:00,156.79042,161.0
2024-04-02 09:00:00,159.63956,161.0
2024-04-02 10:00:00,159.0059,161.0
2024-04-02 11:00:00,160.04333,161.0
2024-04-02 12:00:00,162.71301,161.0
2024-04-02 13:00:00,168.0392,161.0
2024-04-02 14:00:00,175.64262,162.0
2024-04-02 15:00:00,182.5555,174.0
2024-04-02 16:00:00,197.2244,206.0
2024-04-02 17:00:00,219.91893,219.0
2024-04-02 18:00:00,227.4121,223.0
2024-04-02 19:00:00,223.01137,218.0
2024-04-02 20:00:00,211.91652,207.0
2024-04-02 21:00:00,194.6243,182.0
2024-04-02 22:00:00,174.67848,165.0
2024-04-02 23:00:00,165.38841,167.0
2024-04-03 00:00:00,162.51047,168.0
2024-04-03 01:00:00,161.67651,170.0
2024-04-03 02:00:00,162.1632,170.99999999999997
2024-04-03 03:00:00,162.20247,172.0
2024-04-03 04:00:00,162.55934,172.0
2024-04-03 05:00:00,163.01787,173.0
2024-04-03 06:00:00,162.13007,174.0
2024-04-03 07:00:00,159.7766,174.0
2024-04-03 08:00:00,157.62808,174.0
2024-04-03 09:00:00,157.40523,173.0
2024-04-03 10:00:00,155.99805,172.0
2024-04-03 11:00:00,154.00801,172.0
2024-04-03 12:00:00,151.34312,172.0
2024-04-03 13:00:00,154.00331,172.0
2024-04-03 14:00:00,167.86992,172.0
2024-04-03 15:00:00,176.79216,170.99999999999997
2024-04-03 16:00:00,189.74474,170.99999999999997
2024-04-03 17:00:00,191.95982,184.0
2024-04-03 18:00:00,188.29845,196.0
2024-04-03 19:00:00,181.9164,194.0
2024-04-03 20:00:00,175.32913,177.0
2024-04-03 21:00:00,166.66287,170.0
2024-04-03 22:00:00,163.7644,170.0
2024-04-03 23:00:00,161.7529,170.0
2024-04-04 00:00:00,161.77959,170.0
2024-04-04 01:00:00,162.20134,169.0
2024-04-04 02:00:00,162.7882,169.0
2024-04-04 03:00:00,162.8722,169.0
2024-04-04 04:00:00,162.93704,168.0
2024-04-04 05:00:00,161.81506,167.0
2024-04-04 06:00:00,161.46162,166.0
2024-04-04 07:00:00,160.08232,165.0
2024-04-04 08:00:00,159.67712,165.0
2024-04-04 09:00:00,164.0846,165.0
2024-04-04 10:00:00,163.76936,165.0
2024-04-04 11:00:00,164.9093,165.0
2024-04-04 12:00:00,167.947,165.0
2024-04-04 13:00:00,173.10658,170.99999999999997
2024-04-04 14:00:00,182.69525,170.0
2024-04-04 15:00:00,196.10344,191.0
2024-04-04 16:00:00,224.98224,216.0
2024-04-04 17:00:00,236.3593,231.0
2024-04-04 18:00:00,239.844,238.0
2024-04-04 19:00:00,234.19223,237.0
2024-04-04 20:00:00,221.02469,228.0
2024-04-04 21:00:00,205.68549,212.0
2024-04-04 22:00:00,189.24458,182.0
2024-04-04 23:00:00,173.6175,159.99999999999997
2024-04-05 00:00:00,165.26622,159.99999999999997
2024-04-05 01:00:00,163.61075,159.99999999999997
2024-04-05 02:00:00,160.69235,159.99999999999997
2024-04-05 03:00:00,159.69234,159.99999999999997
2024-04-05 04:00:00,159.43132,159.99999999999997
2024-04-05 05:00:00,159.71458,161.0
2024-04-05 06:00:00,159.8168,163.0
2024-04-05 07:00:00,159.13316,165.0
2024-04-05 08:00:00,158.70033,166.0
2024-04-05 09:00:00,159.92987,168.0
2024-04-05 10:00:00,159.91902,169.0
2024-04-05 11:00:00,160.09946,169.0
2024-04-05 12:00:00,162.5988,169.0
2024-04-05 13:00:00,165.68057,168.0
2024-04-05 14:00:00,171.14323,168.0
2024-04-05 15:00:00,182.76466,168.0
2024-04-05 16:00:00,192.7533,200.0
2024-04-05 17:00:00,214.68367,214.0
2024-04-05 18:00:00,210.10365,219.0
2024-04-05 19:00:00,205.6146,216.0
2024-04-05 20:00:00,195.63986,206.0
2024-04-05 21:00:00,185.6037,185.0
2024-04-05 22:00:00,173.42068,169.0
2024-04-05 23:00:00,166.05759,169.0
2024-04-06 00:00:00,163.76729,168.0
2024-04-06 01:00:00,162.21764,168.0
2024-04-06 02:00:00,161.89163,167.0
2024-04-06 03:00:00,161.30052,167.0
2024-04-06 04:00:00,161.00128,166.0
2024-04-06 05:00:00,160.64388,165.0
2024-04-06 06:00:00,159.083,164.0
2024-04-06 07:00:00,157.16016,163.0
2024-04-06 08:00:00,154.07718,162.0
2024-04-06 09:00:00,155.98979,159.99999999999997
2024-04-06 10:00:00,154.94318,159.99999999999997
2024-04-06 11:00:00,151.44273,159.99999999999997
2024-04-06 12:00:00,149.42523,159.99999999999997
2024-04-06 13:00:00,153.1727,159.99999999999997
2024-04-06 14:00:00,152.05475,161.0
2024-04-06 15:00:00,158.81773,161.0
2024-04-06 16:00:00,173.35884,162.0
2024-04-06 17:00:00,176.50908,162.0
2024-04-06 18:00:00,171.20686,163.0
2024-04-06 19:00:00,170.47896,164.0
2024-04-06 20:00:00,167.95897,165.0
2024-04-06 21:00:00,164.71751,166.0
2024-04-06 22:00:00,162.86852,168.0
2024-04-06 23:00:00,166.58075,169.0
2024-04-07 00:00:00,164.53397,169.0
2024-04-07 01:00:00,160.92584,170.0
2024-04-07 02:00:00,161.07974,170.0
2024-04-07 03:00:00,160.9877,170.99999999999997
2024-04-07 04:00:00,161.76941,170.99999999999997
2024-04-07 05:00:00,163.72931,172.0
2024-04-07 06:00:00,165.10103,172.0
2024-04-07 07:00:00,167.08015,172.0
2024-04-07 08:00:00,165.00044,172.0
2024-04-07 09:00:00,168.17616,170.99999999999997
2024-04-07 10:00:00,169.31682,170.99999999999997
2024-04-07 11:00:00,169.90884,170.99999999999997
2024-04-07 12:00:00,170.82323,170.99999999999997
2024-04-07 13:00:00,173.57854,170.99999999999997
2024-04-07 14:00:00,173.1302,170.99999999999997
2024-04-07 15:00:00,179.11305,170.99999999999997
2024-04-07 16:00:00,190.73724,196.0
2024-04-07 17:00:00,210.51208,216.0
2024-04-07 18:00:00,221.73595,227.0
2024-04-07 19:00:00,221.92857,229.0
2024-04-07 20:00:00,213.11545,223.0
2024-04-07 21:00:00,196.30212,210.0
2024-04-07 22:00:00,182.56473,181.0
2024-04-07 23:00:00,169.16992,168.0
2024-04-08 00:00:00,163.75865,168.0
2024-04-08 01:00:00,162.8354,168.0
2024-04-08 02:00:00,161.83339,169.0
2024-04-08 03:00:00,162.11058,169.0
2024-04-08 04:00:00,162.21835,169.0
2024-04-08 05:00:00,160.7887,170.0
2024-04-08 06:00:00,160.51541,170.0
2024-04-08 07:00:00,159.00108,170.0
2024-04-08 08:00:00,157.7881,170.99999999999997
2024-04-08 09:00:00,165.07597,170.99999999999997
2024-04-08 10:00:00,170.18066,172.0
2024-04-08 11:00:00,167.28102,173.0
2024-04-08 12:00:00,169.1381,173.0
2024-04-08 13:00:00,170.57957,173.0
2024-04-08 14:00:00,175.52063,173.0
2024-04-08 15:00:00,182.72823,173.0
2024-04-08 16:00:00,196.65314,207.0
2024-04-08 17:00:00,219.19984,224.00000000000003
2024-04-08 18:00:00,226.20999,232.0
2024-04-08 19:00:00,226.06819,231.0
2024-04-08 20:00:00,218.39868,219.0
2024-04-08 21:00:00,204.34196,203.0
2024-04-08 22:00:00,189.12671,173.0
2024-04-08 23:00:00,172.04753,173.0
2024-04-09 00:00:00,167.89397,172.0
2024-04-09 01:00:00,165.08649,172.0
2024-04-09 02:00:00,164.64925,172.0
2024-04-09 03:00:00,163.7084,172.0
2024-04-09 04:00:00,165.07034,172.0
2024-04-09 05:00:00,166.1158,172.0
2024-04-09 06:00:00,165.40477,172.0
2024-04-09 07:00:00,164.74316,172.0
2024-04-09 08:00:00,162.95859,172.0
2024-04-09 09:00:00,164.34592,170.99999999999997
2024-04-09 10:00:00,165.26543,170.0
2024-04-09 11:00:00,159.00023,170.0
2024-04-09 12:00:00,157.4937,169.0
2024-04-09 13:00:00,159.69878,169.0
2024-04-09 14:00:00,165.81595,169.0
2024-04-09 15:00:00,181.69194,169.0
2024-04-09 16:00:00,196.23006,174.0
2024-04-09 17:00:00,203.35895,202.0
2024-04-09 18:00:00,206.74995,209.0
2024-04-09 19:00:00,200.5399,207.0
2024-04-09 20:00:00,191.6923,195.0
2024-04-09 21:00:00,180.65733,166.0
2024-04-09 22:00:00,166.7065,165.0
2024-04-09 23:00:00,163.99097,163.0
2024-04-10 00:00:00,160.08557,162.0
2024-04-10 01:00:00,157.865,159.99999999999997
2024-04-10 02:00:00,155.2622,159.0
2024-04-10 03:00:00,154.29948,157.0
2024-04-10 04:00:00,154.21873,156.0
2024-04-10 05:00:00,156.31293,155.0
2024-04-10 06:00:00,156.61159,154.0
2024-04-10 07:00:00,155.90656,153.0
2024-04-10 08:00:00,156.35558,153.0
2024-04-10 09:00:00,160.45578,153.0
2024-04-10 10:00:00,159.48242,153.0
2024-04-10 11:00:00,158.87749,152.0
2024-04-10 12:00:00,160.86336,152.0
2024-04-10 13:00:00,163.13657,152.0
2024-04-10 14:00:00,166.73114,151.0
2024-04-10 15:00:00,172.43326,151.0
2024-04-10 16:00:00,184.18019,170.0
2024-04-10 17:00:00,205.7394,204.0
2024-04-10 18:00:00,217.77376,215.0
2024-04-10 19:00:00,217.87831,218.0
2024-04-10 20:00:00,209.88731,210.0
2024-04-10 21:00:00,194.8929,194.0
2024-04-10 22:00:00,179.66873,155.0
2024-04-10 23:00:00,161.7981,153.0
2024-04-11 00:00:00,157.09583,153.0
2024-04-11 01:00:00,151.69707,152.0
2024-04-11 02:00:00,148.546,152.0
2024-04-11 03:00:00,146.15152,152.0
2024-04-11 04:00:00,145.66249,152.0
2024-04-11 05:00:00,145.57368,151.0
2024-04-11 06:00:00,145.8739,151.0
2024-04-11 07:00:00,145.0122,151.0
2024-04-11 08:00:00,142.99837,151.0
2024-04-11 09:00:00,145.88214,151.0
2024-04-11 10:00:00,147.18404,151.0
2024-04-11 11:00:00,145.9637,151.0
2024-04-11 12:00:00,148.62611,152.0
2024-04-11 13:00:00,152.17253,152.0
2024-04-11 14:00:00,155.34442,152.0
2024-04-11 15:00:00,163.14659,152.0
2024-04-11 16:00:00,173.57626,177.0
2024-04-11 17:00:00,190.02094,201.0
2024-04-11 18:00:00,200.57321,205.0
2024-04-11 19:00:00,187.98045,202.0
2024-04-11 20:00:00,177.66487,184.0
2024-04-11 21:00:00,164.52103,153.0
2024-04-11 22:00:00,154.89154,152.0
2024-04-11 23:00:00,154.20314,153.0
2024-04-12 00:00:00,151.51233,155.0
2024-04-12 01:00:00,152.3285,156.0
2024-04-12 02:00:00,152.08887,158.0
2024-04-12 03:00:00,153.65302,159.0
2024-04-12 04:00:00,155.68034,161.0
2024-04-12 05:00:00,157.36002,162.0
2024-04-12 06:00:00,157.53494,163.0
2024-04-12 07:00:00,157.26009,164.0
2024-04-12 08:00:00,157.09772,163.0
2024-04-12 09:00:00,159.03613,163.0
2024-04-12 10:00:00,157.00514,163.0
2024-04-12 11:00:00,153.94728,163.0
2024-04-12 12:00:00,154.14273,162.0
2024-04-12 13:00:00,160.8737,162.0
2024-04-12 14:00:00,167.34206,161.0
2024-04-12 15:00:00,173.6736,161.0
2024-04-12 16:00:00,178.7683,161.0
2024-04-12 17:00:00,179.3231,161.0
2024-04-12 18:00:00,173.37813,161.0
2024-04-12 19:00:00,168.9684,161.0
2024-04-12 20:00:00,165.00279,159.99999999999997
2024-04-12 21:00:00,160.70851,159.0
2024-04-12 22:00:00,157.23825,157.0
2024-04-12 23:00:00,153.78613,156.0
2024-04-13 00:00:00,151.83151,154.0
2024-04-13 01:00:00,154.35672,153.0
2024-04-13 02:00:00,152.2465,151.0
2024-04-13 03:00:00,151.63174,150.0
2024-04-13 04:00:00,150.5502,147.0
2024-04-13 05:00:00,148.562,143.0
2024-04-13 06:00:00,146.04927,140.0
2024-04-13 07:00:00,144.52612,136.0
2024-04-13 08:00:00,143.43942,138.0
2024-04-13 09:00:00,150.16954,138.0
2024-04-13 10:00:00,149.81432,140.0
2024-04-13 11:00:00,148.2324,141.0
2024-04-13 12:00:00,153.60426,142.0
2024-04-13 13:00:00,155.62817,143.0
2024-04-13 14:00:00,160.85866,157.0
2024-04-13 15:00:00,177.92151,168.0
2024-04-13 16:00:00,195.84477,208.0
2024-04-13 17:00:00,218.94157,225.0
2024-04-13 18:00:00,224.5795,236.0
2024-04-13 19:00:00,223.48488,237.0
2024-04-13 20:00:00,210.6785,227.0
2024-04-13 21:00:00,198.41223,213.00000000000003
2024-04-13 22:00:00,183.25618,186.0
2024-04-13 23:00:00,170.5971,155.0
2024-04-14 00:00:00,159.57748,155.0
2024-04-14 01:00:00,158.91847,156.0
2024-04-14 02:00:00,160.59077,157.0
2024-04-14 03:00:00,160.4413,157.0
2024-04-14 04:00:00,159.43439,157.0
2024-04-14 05:00:00,158.85446,157.0
2024-04-14 06:00:00,157.13428,157.0
2024-04-14 07:00:00,155.5946,158.0
2024-04-14 08:00:00,155.05675,158.0
2024-04-14 09:00:00,158.23834,158.0
2024-04-14 10:00:00,156.70403,158.0
2024-04-14 11:00:00,152.77867,159.0
2024-04-14 12:00:00,154.24443,159.0
2024-04-14 13:00:00,155.77362,159.0
2024-04-14 14:00:00,157.03697,159.0
2024-04-14 15:00:00,171.91103,159.0
2024-04-14 16:00:00,189.92259,182.0
2024-04-14 17:00:00,202.41545,194.0
2024-04-14 18:00:00,197.61029,190.0
2024-04-14 19:00:00,186.57695,170.99999999999997
2024-04-14 20:00:00,175.34573,156.0
2024-04-14 21:00:00,166.73715,156.0
2024-04-14 22:00:00,164.27275,155.0
2024-04-14 23:00:00,162.55315,155.0
2024-04-15 00:00:00,161.6329,155.0
2024-04-15 01:00:00,162.2392,155.0
2024-04-15 02:00:00,161.80167,156.0
2024-04-15 03:00:00,163.2784,156.0
2024-04-15 04:00:00,164.37233,157.0
2024-04-15 05:00:00,164.16086,157.0
2024-04-15 06:00:00,163.56812,158.0
2024-04-15 07:00:00,162.7288,158.0
2024-04-15 08:00:00,162.06421,158.0
2024-04-15 09:00:00,163.39594,158.0
2024-04-15 10:00:00,160.60382,158.0
2024-04-15 11:00:00,158.29405,158.0
2024-04-15 12:00:00,158.25627,158.0
2024-04-15 13:00:00,157.99242,158.0
2024-04-15 14:00:00,157.7197,158.0
2024-04-15 15:00:00,164.42444,158.0
2024-04-15 16:00:00,175.27267,190.0
2024-04-15 17:00:00,187.20308,204.0
2024-04-15 18:00:00,185.65874,205.0
2024-04-15 19:00:00,178.42395,199.0
2024-04-15 20:00:00,168.44759,170.0
2024-04-15 21:00:00,154.92717,156.0
2024-04-15 22:00:00,150.5769,155.0
2024-04-15 23:00:00,149.69252,155.0
2024-04-16 00:00:00,149.17003,154.0
2024-04-16 01:00:00,148.37975,153.0
2024-04-16 02:00:00,147.59328,152.0
2024-04-16 03:00:00,146.16626,151.0
2024-04-16 04:00:00,144.94511,151.0
2024-04-16 05:00:00,144.97563,151.0
2024-04-16 06:00:00,144.39957,150.0
2024-04-16 07:00:00,143.42258,150.0
2024-04-16 08:00:00,141.80461,150.0
2024-04-16 09:00:00,144.68697,150.0
2024-04-16 10:00:00,144.4301,150.0
2024-04-16 11:00:00,143.16316,149.00000000000003
2024-04-16 12:00:00,142.857,148.0
2024-04-16 13:00:00,145.6679,148.0
2024-04-16 14:00:00,151.01962,148.0
2024-04-16 15:00:00,156.26312,167.0
2024-04-16 16:00:00,165.88545,201.0
2024-04-16 17:00:00,173.36787,210.0
2024-04-16 18:00:00,171.15282,212.0
2024-04-16 19:00:00,167.21411,206.0
2024-04-16 20:00:00,162.03455,184.0
2024-04-16 21:00:00,153.14812,152.0
2024-04-16 22:00:00,147.2861,153.0
2024-04-16 23:00:00,148.67735,153.0
2024-04-17 00:00:00,147.69176,153.0
2024-04-17 01:00:00,147.10342,153.0
2024-04-17 02:00:00,147.13843,153.0
2024-04-17 03:00:00,146.34254,152.0
2024-04-17 04:00:00,145.56339,152.0
2024-04-17 05:00:00,147.34612,151.0
2024-04-17 06:00:00,148.81671,151.0
2024-04-17 07:00:00,150.2816,150.0
2024-04-17 08:00:00,152.70831,149.00000000000003
2024-04-17 09:00:00,156.52539,147.0
2024-04-17 10:00:00,156.19746,146.0
2024-04-17 11:00:00,158.46634,147.0
2024-04-17 12:00:00,161.62184,147.0
2024-04-17 13:00:00,163.97151,151.0
2024-04-17 14:00:00,171.87068,148.0
2024-04-17 15:00:00,176.84485,185.0
2024-04-17 16:00:00,211.52362,213.00000000000003
2024-04-17 17:00:00,224.84244,226.0
2024-04-17 18:00:00,220.72012,231.0
2024-04-17 19:00:00,207.19728,228.0
2024-04-17 20:00:00,195.125,218.0
2024-04-17 21:00:00,186.27225,204.0
2024-04-17 22:00:00,178.14311,167.0
2024-04-17 23:00:00,166.36987,144.0
2024-04-18 00:00:00,159.02628,145.0
2024-04-18 01:00:00,158.2126,147.0
2024-04-18 02:00:00,155.71849,148.0
2024-04-18 03:00:00,154.51338,150.0
2024-04-18 04:00:00,154.1881,151.0
2024-04-18 05:00:00,154.12886,151.0
2024-04-18 06:00:00,153.53557,152.0
2024-04-18 07:00:00,154.19888,152.0
2024-04-18 08:00:00,156.24149,153.0
2024-04-18 09:00:00,164.51567,154.0
2024-04-18 10:00:00,161.23471,155.0
2024-04-18 11:00:00,161.31253,155.0
2024-04-18 12:00:00,162.3845,155.0
2024-04-18 13:00:00,164.6745,155.0
2024-04-18 14:00:00,171.81491,155.0
2024-04-18 15:00:00,179.11531,193.0
2024-04-18 16:00:00,203.38141,212.0
2024-04-18 17:00:00,217.43062,221.0
2024-04-18 18:00:00,216.40479,222.0
2024-04-18 19:00:00,204.51643,217.0
2024-04-18 20:00:00,190.87425,205.0
2024-04-18 21:00:00,178.06784,176.0
2024-04-18 22:00:00,163.5146,158.0
2024-04-18 23:00:00,155.5189,158.0
2024-04-19 00:00:00,154.48843,158.0
2024-04-19 01:00:00,152.99005,158.0
2024-04-19 02:00:00,152.56827,158.0
2024-04-19 03:00:00,151.8161,158.0
2024-04-19 04:00:00,151.53984,158.0
2024-04-19 05:00:00,152.64711,157.0
2024-04-19 06:00:00,154.08456,157.0
2024-04-19 07:00:00,155.28932,157.0
2024-04-19 08:00:00,156.04736,157.0
2024-04-19 09:00:00,158.95517,157.0
2024-04-19 10:00:00,158.49762,156.0
2024-04-19 11:00:00,161.19817,156.0
2024-04-19 12:00:00,159.54703,156.0
2024-04-19 13:00:00,159.36053,157.0
2024-04-19 14:00:00,157.51614,157.0
2024-04-19 15:00:00,156.20464,157.0
2024-04-19 16:00:00,161.04228,158.0
2024-04-19 17:00:00,161.64236,172.0
2024-04-19 18:00:00,159.43484,170.99999999999997
2024-04-19 19:00:00,151.68274,157.0
2024-04-19 20:00:00,144.45045,157.0
2024-04-19 21:00:00,144.46321,157.0
2024-04-19 22:00:00,144.1685,157.0
2024-04-19 23:00:00,145.26328,157.0
2024-04-20 00:00:00,145.88466,158.0
2024-04-20 01:00:00,146.89807,158.0
2024-04-20 02:00:00,146.10237,159.0
2024-04-20 03:00:00,149.06189,159.99999999999997
2024-04-20 04:00:00,152.87444,161.0
2024-04-20 05:00:00,157.22006,161.0
2024-04-20 06:00:00,160.9122,162.0
2024-04-20 07:00:00,161.93613,162.0
2024-04-20 08:00:00,163.53717,162.0
2024-04-20 09:00:00,166.7375,163.0
2024-04-20 10:00:00,165.53052,163.0
2024-04-20 11:00:00,162.61903,163.0
2024-04-20 12:00:00,163.20021,163.0
2024-04-20 13:00:00,159.60936,162.0
2024-04-20 14:00:00,160.0776,162.0
2024-04-20 15:00:00,160.86038,162.0
2024-04-20 16:00:00,166.12093,161.0
2024-04-20 17:00:00,161.87419,159.99999999999997
2024-04-20 18:00:00,158.58797,159.99999999999997
2024-04-20 19:00:00,155.48682,159.0
2024-04-20 20:00:00,151.28188,158.0
2024-04-20 21:00:00,146.4466,156.0
2024-04-20 22:00:00,144.96802,155.0
2024-04-20 23:00:00,144.8372,154.0
2024-04-21 00:00:00,143.89662,153.0
2024-04-21 01:00:00,143.08563,151.0
2024-04-21 02:00:00,141.88014,149.00000000000003
2024-04-21 03:00:00,137.90045,144.0
2024-04-21 04:00:00,134.12274,140.0
2024-04-21 05:00:00,132.66898,136.0
2024-04-21 06:00:00,130.5057,133.0
2024-04-21 07:00:00,127.46635,130.0
2024-04-21 08:00:00,124.41549,126.0
2024-04-21 09:00:00,125.44314,123.0
2024-04-21 10:00:00,124.0963,121.0
2024-04-21 11:00:00,120.46248,119.0
2024-04-21 12:00:00,118.29268,119.0
2024-04-21 13:00:00,113.51952,118.0
2024-04-21 14:00:00,113.70248,116.0
2024-04-21 15:00:00,114.643585,115.0
2024-04-21 16:00:00,118.85587,115.0
2024-04-21 17:00:00,120.54822,116.0
2024-04-21 18:00:00,123.6913,118.0
2024-04-21 19:00:00,118.694885,120.0
2024-04-21 20:00:00,119.1651,122.0
2024-04-21 21:00:00,119.424484,123.0
2024-04-21 22:00:00,118.65785,123.0
2024-04-21 23:00:00,118.79972,125.0
2024-04-22 00:00:00,119.24105,125.0
2024-04-22 01:00:00,118.45633,126.0
2024-04-22 02:00:00,119.14644,127.0
2024-04-22 03:00:00,123.00304,128.0
2024-04-22 04:00:00,125.556305,129.0
2024-04-22 05:00:00,129.40099,131.0
2024-04-22 06:00:00,131.99857,132.0
2024-04-22 07:00:00,133.45016,134.0
2024-04-22 08:00:00,135.992,135.0
2024-04-22 09:00:00,140.28288,136.0
2024-04-22 10:00:00,140.77583,136.0
2024-04-22 11:00:00,141.18616,136.0
2024-04-22 12:00:00,144.3278,136.0
2024-04-22 13:00:00,145.86397,137.0
2024-04-22 14:00:00,150.63998,138.0
2024-04-22 15:00:00,158.79187,154.0
2024-04-22 16:00:00,174.55531,194.0
2024-04-22 17:00:00,190.95892,210.0
2024-04-22 18:00:00,193.57867,214.0
2024-04-22 19:00:00,188.86612,210.0
2024-04-22 20:00:00,176.64865,199.0
2024-04-22 21:00:00,165.05493,166.0
2024-04-22 22:00:00,153.03827,154.0
2024-04-22 23:00:00,149.56343,156.0
2024-04-23 00:00:00,148.99538,159.0
2024-04-23 01:00:00,151.63892,161.0
2024-04-23 02:00:00,151.73627,162.0
2024-04-23 03:00:00,155.46509,163.0
2024-04-23 04:00:00,157.75725,164.0
2024-04-23 05:00:00,156.37596,165.0
2024-04-23 06:00:00,156.35078,165.0
2024-04-23 07:00:00,158.64441,165.0
2024-04-23 08:00:00,161.58511,165.0
2024-04-23 09:00:00,164.89919,165.0
2024-04-23 10:00:00,164.33018,166.0
2024-04-23 11:00:00,166.62643,166.0
2024-04-23 12:00:00,173.84903,167.0
2024-04-23 13:00:00,179.72937,168.0
2024-04-23 14:00:00,182.0916,168.0
2024-04-23 15:00:00,194.94855,183.0
2024-04-23 16:00:00,215.68394,210.0
2024-04-23 17:00:00,227.43732,223.0
2024-04-23 18:00:00,223.97752,229.0
2024-04-23 19:00:00,217.6882,227.0
2024-04-23 20:00:00,202.31688,217.0
2024-04-23 21:00:00,189.63356,202.0
2024-04-23 22:00:00,182.25789,168.0
2024-04-23 23:00:00,173.85028,167.0
2024-04-24 00:00:00,173.12634,167.0
2024-04-24 01:00:00,167.67622,167.0
2024-04-24 02:00:00,171.12082,168.0
2024-04-24 03:00:00,169.97319,169.0
2024-04-24 04:00:00,169.7479,170.0
2024-04-24 05:00:00,172.64261,170.99999999999997
2024-04-24 06:00:00,173.66154,172.0
2024-04-24 07:00:00,173.34308,174.0
2024-04-24 08:00:00,171.11188,175.0
2024-04-24 09:00:00,173.76955,177.0
2024-04-24 10:00:00,174.30055,178.0
2024-04-24 11:00:00,174.54158,178.0
2024-04-24 12:00:00,176.83394,178.0
2024-04-24 13:00:00,180.27702,178.0
2024-04-24 14:00:00,180.98639,178.0
2024-04-24 15:00:00,186.95227,178.0
2024-04-24 16:00:00,206.86803,181.0
2024-04-24 17:00:00,218.99507,202.0
2024-04-24 18:00:00,224.9731,205.0
2024-04-24 19:00:00,219.81374,200.0
2024-04-24 20:00:00,208.69025,181.0
2024-04-24 21:00:00,193.62381,182.0
2024-04-24 22:00:00,188.09145,183.0
2024-04-24 23:00:00,184.16306,184.0
2024-04-25 00:00:00,181.75366,184.0
2024-04-25 01:00:00,181.00623,184.0
2024-04-25 02:00:00,187.27148,184.0
2024-04-25 03:00:00,189.86725,184.0
2024-04-25 04:00:00,187.68384,183.0
2024-04-25 05:00:00,183.30745,182.0
2024-04-25 06:00:00,180.23015,181.0
2024-04-25 07:00:00,176.19037,180.0
2024-04-25 08:00:00,175.79459,180.0
2024-04-25 09:00:00,180.4193,180.0
2024-04-25 10:00:00,181.71088,180.0
2024-04-25 11:00:00,179.21443,180.0
2024-04-25 12:00:00,182.7518,181.0
2024-04-25 13:00:00,185.65094,181.0
2024-04-25 14:00:00,190.06184,182.0
2024-04-25 15:00:00,195.42094,182.0
2024-04-25 16:00:00,199.10112,183.0
2024-04-25 17:00:00,199.68988,189.0
2024-04-25 18:00:00,200.01567,203.0
2024-04-25 19:00:00,198.34164,204.0
2024-04-25 20:00:00,189.70511,195.0
2024-04-25 21:00:00,185.27902,180.0
2024-04-25 22:00:00,182.81573,178.0
2024-04-25 23:00:00,183.86105,176.0
2024-04-26 00:00:00,178.00972,175.0
2024-04-26 01:00:00,175.85999,173.0
2024-04-26 02:00:00,174.68633,172.0
2024-04-26 03:00:00,173.27473,170.0
2024-04-26 04:00:00,173.31503,170.0
2024-04-26 05:00:00,172.4332,170.0
2024-04-26 06:00:00,171.43253,169.0
2024-04-26 07:00:00,169.21396,169.0
2024-04-26 08:00:00,167.37453,168.0
2024-04-26 09:00:00,169.97005,166.0
2024-04-26 10:00:00,165.62366,165.0
2024-04-26 11:00:00,161.45755,164.0
2024-04-26 12:00:00,156.3234,162.0
2024-04-26 13:00:00,151.44624,161.0
2024-04-26 14:00:00,148.8415,159.99999999999997
2024-04-26 15:00:00,158.9837,159.0
2024-04-26 16:00:00,169.00941,163.0
2024-04-26 17:00:00,175.92699,174.0
2024-04-26 18:00:00,170.0418,170.0
2024-04-26 19:00:00,156.365,153.0
2024-04-26 20:00:00,148.47072,152.0
2024-04-26 21:00:00,149.18918,151.0
2024-04-26 22:00:00,148.34055,151.0
2024-04-26 23:00:00,147.85796,151.0
2024-04-27 00:00:00,147.5854,150.0
2024-04-27 01:00:00,145.3933,148.0
2024-04-27 02:00:00,144.11247,147.0
2024-04-27 03:00:00,143.56178,146.0
2024-04-27 04:00:00,142.5091,144.0
2024-04-27 05:00:00,141.64563,143.0
2024-04-27 06:00:00,140.48776,141.0
2024-04-27 07:00:00,139.89828,139.0
2024-04-27 08:00:00,138.93092,139.0
2024-04-27 09:00:00,139.91618,140.0
2024-04-27 10:00:00,140.17726,140.0
2024-04-27 11:00:00,139.8851,141.0
2024-04-27 12:00:00,137.93623,142.0
2024-04-27 13:00:00,133.63524,142.0
2024-04-27 14:00:00,131.99454,142.0
2024-04-27 15:00:00,139.1321,142.0
2024-04-27 16:00:00,139.95348,143.0
2024-04-27 17:00:00,145.5434,143.0
2024-04-27 18:00:00,140.87383,144.0
2024-04-27 19:00:00,136.01436,144.0
2024-04-27 20:00:00,133.31725,144.0
2024-04-27 21:00:00,131.02664,143.0
2024-04-27 22:00:00,131.93498,143.0
2024-04-27 23:00:00,131.82268,144.0
2024-04-28 00:00:00,132.52585,145.0
2024-04-28 01:00:00,132.06038,146.0
2024-04-28 02:00:00,132.85747,147.0
2024-04-28 03:00:00,133.16833,147.0
2024-04-28 04:00:00,134.21474,147.0
2024-04-28 05:00:00,134.64316,147.0
2024-04-28 06:00:00,136.15631,147.0
2024-04-28 07:00:00,137.20822,148.0
2024-04-28 08:00:00,139.19394,147.0
2024-04-28 09:00:00,144.29503,148.0
2024-04-28 10:00:00,145.42293,148.0
2024-04-28 11:00:00,146.5637,147.0
2024-04-28 12:00:00,149.82007,147.0
2024-04-28 13:00:00,155.23744,147.0
2024-04-28 14:00:00,152.5753,148.0
2024-04-28 15:00:00,159.98138,149.00000000000003
2024-04-28 16:00:00,181.12582,182.0
2024-04-28 17:00:00,208.09126,205.0
2024-04-28 18:00:00,213.77034,210.0
2024-04-28 19:00:00,205.5454,207.0
2024-04-28 20:00:00,193.50378,200.0
2024-04-28 21:00:00,179.12012,176.0
2024-04-28 22:00:00,166.65091,155.0
2024-04-28 23:00:00,158.99011,156.0
2024-04-29 00:00:00,159.09705,156.0
2024-04-29 01:00:00,157.38435,157.0
2024-04-29 02:00:00,156.85959,157.0
2024-04-29 03:00:00,155.66275,158.0
2024-04-29 04:00:00,155.2442,158.0
2024-04-29 05:00:00,155.7379,159.0
2024-04-29 06:00:00,157.10112,159.0
2024-04-29 07:00:00,158.20221,159.99999999999997
2024-04-29 08:00:00,157.11519,159.99999999999997
2024-04-29 09:00:00,160.00104,159.99999999999997
2024-04-29 10:00:00,159.50745,159.0
2024-04-29 11:00:00,158.83658,159.0
2024-04-29 12:00:00,158.42268,159.0
2024-04-29 13:00:00,159.37645,159.0
2024-04-29 14:00:00,160.98532,159.0
2024-04-29 15:00:00,161.67958,159.0
2024-04-29 16:00:00,165.79602,158.0
2024-04-29 17:00:00,163.69897,174.0
2024-04-29 18:00:00,164.22493,177.0
2024-04-29 19:00:00,156.07681,164.0
2024-04-29 20:00:00,148.0342,156.0
2024-04-29 21:00:00,144.5948,155.0
2024-04-29 22:00:00,144.92128,155.0
2024-04-29 23:00:00,143.38359,154.0
2024-04-30 00:00:00,143.86285,153.0
2024-04-30 01:00:00,142.93279,152.0
2024-04-30 02:00:00,143.05954,151.0
2024-04-30 03:00:00,143.36713,151.0
2024-04-30 04:00:00,143.73785,149.00000000000003
2024-04-30 05:00:00,144.52467,147.0
2024-04-30 06:00:00,145.04773,145.0
2024-04-30 07:00:00,144.91823,144.0
2024-04-30 08:00:00,144.41176,144.0
2024-04-30 09:00:00,148.05484,144.0
2024-04-30 10:00:00,148.51749,145.0
2024-04-30 11:00:00,148.64885,146.0
2024-04-30 12:00:00,149.07048,146.0
2024-04-30 13:00:00,150.4902,146.0
2024-04-30 14:00:00,152.87415,147.0
2024-04-30 15:00:00,157.78035,148.0
2024-04-30 16:00:00,164.74205,167.0
2024-04-30 17:00:00,175.87361,188.0
2024-04-30 18:00:00,178.62044,194.0
2024-04-30 19:00:00,172.51117,184.0
2024-04-30 20:00:00,157.7825,161.0
2024-04-30 21:00:00,143.51233,152.0
2024-04-30 22:00:00,142.2207,153.0
2024-04-30 23:00:00,143.77603,153.0
2024-05-01 00:00:00,143.48976,154.0
2024-05-01 01:00:00,144.72238,156.0
2024-05-01 02:00:00,145.70038,157.0
2024-05-01 03:00:00,148.30737,157.0
2024-05-01 04:00:00,148.51605,158.0
2024-05-01 05:00:00,149.99028,159.0
2024-05-01 06:00:00,152.41124,159.0
2024-05-01 07:00:00,154.70163,159.99999999999997
2024-05-01 08:00:00,154.5516,159.99999999999997
2024-05-01 09:00:00,153.38417,159.99999999999997
2024-05-01 10:00:00,154.05528,159.99999999999997
2024-05-01 11:00:00,152.30917,159.99999999999997
2024-05-01 12:00:00,150.09038,159.99999999999997
2024-05-01 13:00:00,148.60486,159.99999999999997
2024-05-01 14:00:00,146.01735,159.99999999999997
2024-05-01 15:00:00,147.43175,159.99999999999997
2024-05-01 16:00:00,146.54477,159.0
2024-05-01 17:00:00,149.6522,159.0
2024-05-01 18:00:00,148.02084,159.0
2024-05-01 19:00:00,147.39731,159.0
2024-05-01 20:00:00,147.28111,159.0
2024-05-01 21:00:00,143.5442,159.0
2024-05-01 22:00:00,145.7241,159.0
2024-05-01 23:00:00,146.45096,159.99999999999997
2024-05-02 00:00:00,143.83813,159.99999999999997
2024-05-02 01:00:00,143.54733,159.99999999999997
2024-05-02 02:00:00,141.59766,159.0
2024-05-02 03:00:00,144.8285,159.0
2024-05-02 04:00:00,148.20264,159.0
2024-05-02 05:00:00,154.45073,159.0
2024-05-02 06:00:00,157.69012,159.0
2024-05-02 07:00:00,156.88008,159.0
2024-05-02 08:00:00,155.53273,158.0
2024-05-02 09:00:00,156.35065,158.0
2024-05-02 10:00:00,156.26079,158.0
2024-05-02 11:00:00,156.26926,158.0
2024-05-02 12:00:00,156.92078,159.0
2024-05-02 13:00:00,159.57132,159.0
2024-05-02 14:00:00,160.4331,159.99999999999997
2024-05-02 15:00:00,163.51538,161.0
2024-05-02 16:00:00,168.2137,184.0
2024-05-02 17:00:00,181.86092,204.0
2024-05-02 18:00:00,184.16331,208.0
2024-05-02 19:00:00,176.39496,205.0
2024-05-02 20:00:00,167.07397,187.0
2024-05-02 21:00:00,155.33284,162.0
2024-05-02 22:00:00,148.06659,161.0
2024-05-02 23:00:00,149.70331,159.99999999999997
2024-05-03 00:00:00,149.33812,159.0
2024-05-03 01:00:00,148.40475,158.0
2024-05-03 02:00:00,148.94211,158.0
2024-05-03 03:00:00,147.83386,157.0
2024-05-03 04:00:00,147.51814,157.0
2024-05-03 05:00:00,149.08537,156.0
2024-05-03 06:00:00,149.21988,155.0
2024-05-03 07:00:00,150.33487,154.0
2024-05-03 08:00:00,151.62122,154.0
2024-05-03 09:00:00,157.06535,153.0
2024-05-03 10:00:00,156.93687,153.0
2024-05-03 11:00:00,157.15022,153.0
2024-05-03 12:00:00,158.11438,153.0
2024-05-03 13:00:00,160.95636,153.0
2024-05-03 14:00:00,170.27419,155.0
2024-05-03 15:00:00,179.20575,167.0
2024-05-03 16:00:00,190.24025,207.0
2024-05-03 17:00:00,210.22375,225.0
2024-05-03 18:00:00,217.73822,236.0
2024-05-03 19:00:00,213.94095,236.0
2024-05-03 20:00:00,206.40643,230.0
2024-05-03 21:00:00,197.70377,219.0
2024-05-03 22:00:00,187.90813,203.0
2024-05-03 23:00:00,179.19374,161.0
2024-05-04 00:00:00,166.21045,155.0
2024-05-04 01:00:00,164.97095,155.0
2024-05-04 02:00:00,162.68382,155.0
2024-05-04 03:00:00,161.48419,155.0
2024-05-04 04:00:00,160.44446,155.0
2024-05-04 05:00:00,159.9589,156.0
2024-05-04 06:00:00,161.50497,156.0
2024-05-04 07:00:00,163.53328,156.0
2024-05-04 08:00:00,165.06834,156.0
2024-05-04 09:00:00,168.40488,156.0
2024-05-04 10:00:00,165.53357,157.0
2024-05-04 11:00:00,165.65546,157.0
2024-05-04 12:00:00,166.38472,156.0
2024-05-04 13:00:00,164.64987,156.0
2024-05-04 14:00:00,167.22913,156.0
2024-05-04 15:00:00,174.51778,159.99999999999997
2024-05-04 16:00:00,190.97221,202.0
2024-05-04 17:00:00,203.8945,218.0
2024-05-04 18:00:00,206.69139,224.00000000000003
2024-05-04 19:00:00,199.68967,221.0
2024-05-04 20:00:00,193.24458,211.0
2024-05-04 21:00:00,185.51837,195.0
2024-05-04 22:00:00,175.03575,156.0
2024-05-04 23:00:00,161.68018,153.0
2024-05-05 00:00:00,159.93721,153.0
2024-05-05 01:00:00,158.1598,153.0
2024-05-05 02:00:00,157.11208,153.0
2024-05-05 03:00:00,156.31602,153.0
2024-05-05 04:00:00,156.1407,153.0
2024-05-05 05:00:00,157.63533,153.0
2024-05-05 06:00:00,157.76129,153.0
2024-05-05 07:00:00,160.31738,153.0
2024-05-05 08:00:00,162.18233,153.0
2024-05-05 09:00:00,164.62018,153.0
2024-05-05 10:00:00,165.69928,154.0
2024-05-05 11:00:00,169.43155,154.0
2024-05-05 12:00:00,172.34619,155.0
2024-05-05 13:00:00,176.7997,155.0
2024-05-05 14:00:00,180.10197,159.0
2024-05-05 15:00:00,189.22534,201.0
2024-05-05 16:00:00,215.02292,222.0
2024-05-05 17:00:00,229.301,238.0
2024-05-05 18:00:00,236.11061,244.0
2024-05-05 19:00:00,231.19255,240.0
2024-05-05 20:00:00,217.03445,228.0
2024-05-05 21:00:00,201.50563,213.00000000000003
2024-05-05 22:00:00,187.73756,185.0
2024-05-05 23:00:00,174.25264,164.0
2024-05-06 00:00:00,166.63477,165.0
2024-05-06 01:00:00,166.37103,166.0
2024-05-06 02:00:00,166.9964,167.0
2024-05-06 03:00:00,168.64409,167.0
2024-05-06 04:00:00,170.83212,168.0
2024-05-06 05:00:00,172.56773,168.0
2024-05-06 06:00:00,172.90286,168.0
2024-05-06 07:00:00,173.71805,168.0
2024-05-06 08:00:00,172.24382,169.0
2024-05-06 09:00:00,174.39035,169.0
2024-05-06 10:00:00,175.56718,169.0
2024-05-06 11:00:00,176.3237,169.0
2024-05-06 12:00:00,178.28421,170.0
2024-05-06 13:00:00,183.39964,170.99999999999997
2024-05-06 14:00:00,190.98024,172.0
2024-05-06 15:00:00,199.86853,200.0
2024-05-06 16:00:00,219.8482,221.0
2024-05-06 17:00:00,230.49103,234.99999999999997
2024-05-06 18:00:00,233.6696,241.0
2024-05-06 19:00:00,226.09874,239.0
2024-05-06 20:00:00,212.09023,226.0
2024-05-06 21:00:00,197.58585,207.0
2024-05-06 22:00:00,188.1249,176.0
2024-05-06 23:00:00,178.60048,177.0
2024-05-07 00:00:00,181.27701,178.0
2024-05-07 01:00:00,182.4769,179.0
2024-05-07 02:00:00,184.45459,180.0
2024-05-07 03:00:00,185.64735,181.0
2024-05-07 04:00:00,186.89052,182.0
2024-05-07 05:00:00,187.03423,183.0
2024-05-07 06:00:00,187.16913,183.0
2024-05-07 07:00:00,187.67723,184.0
2024-05-07 08:00:00,187.78275,185.0
2024-05-07 09:00:00,189.76628,185.0
2024-05-07 10:00:00,186.91295,185.0
2024-05-07 11:00:00,183.88895,184.0
2024-05-07 12:00:00,182.88333,183.0
2024-05-07 13:00:00,187.0659,182.0
2024-05-07 14:00:00,189.23836,180.0
2024-05-07 15:00:00,192.25183,179.0
2024-05-07 16:00:00,199.91162,178.0
2024-05-07 17:00:00,205.96727,201.0
2024-05-07 18:00:00,214.62515,206.0
2024-05-07 19:00:00,209.90955,203.0
2024-05-07 20:00:00,202.10487,184.0
2024-05-07 21:00:00,187.04321,176.0
2024-05-07 22:00:00,178.36084,176.0
2024-05-07 23:00:00,171.25351,176.0
2024-05-08 00:00:00,167.4514,176.0
2024-05-08 01:00:00,166.99475,177.0
2024-05-08 02:00:00,168.2475,177.0
2024-05-08 03:00:00,168.18213,178.0
2024-05-08 04:00:00,169.07654,179.0
2024-05-08 05:00:00,171.34755,179.0
2024-05-08 06:00:00,173.73999,180.0
2024-05-08 07:00:00,176.71677,181.0
2024-05-08 08:00:00,179.80966,181.0
2024-05-08 09:00:00,182.58897,182.0
2024-05-08 10:00:00,182.28462,182.0
2024-05-08 11:00:00,185.40231,182.0
2024-05-08 12:00:00,184.7292,182.0
2024-05-08 13:00:00,184.30864,182.0
2024-05-08 14:00:00,186.25543,183.0
2024-05-08 15:00:00,191.17218,183.0
2024-05-08 16:00:00,200.04324,182.0
2024-05-08 17:00:00,205.24794,198.0
2024-05-08 18:00:00,211.45067,202.0
2024-05-08 19:00:00,204.83902,194.0
2024-05-08 20:00:00,193.26024,182.0
2024-05-08 21:00:00,183.04893,183.0
2024-05-08 22:00:00,181.54599,184.0
2024-05-08 23:00:00,179.96811,185.0
2024-05-09 00:00:00,180.56839,186.0
2024-05-09 01:00:00,182.24706,187.0
2024-05-09 02:00:00,183.92105,188.0
2024-05-09 03:00:00,185.77246,189.0
2024-05-09 04:00:00,186.6231,189.0
2024-05-09 05:00:00,187.32494,190.0
2024-05-09 06:00:00,187.43536,190.0
2024-05-09 07:00:00,188.78877,191.0
2024-05-09 08:00:00,187.99365,191.0
2024-05-09 09:00:00,189.17046,192.0
2024-05-09 10:00:00,190.39342,192.0
2024-05-09 11:00:00,190.31934,193.0
2024-05-09 12:00:00,190.27808,193.0
2024-05-09 13:00:00,192.37764,193.0
2024-05-09 14:00:00,198.02141,193.0
2024-05-09 15:00:00,201.79802,193.0
2024-05-09 16:00:00,212.20407,195.0
2024-05-09 17:00:00,217.69838,207.0
2024-05-09 18:00:00,221.74844,208.0
2024-05-09 19:00:00,209.41821,200.0
2024-05-09 20:00:00,198.72145,192.0
2024-05-09 21:00:00,188.57393,190.0
2024-05-09 22:00:00,181.87004,189.0
2024-05-09 23:00:00,178.20802,186.0
2024-05-10 00:00:00,174.7857,184.0
2024-05-10 01:00:00,174.03912,182.0
2024-05-10 02:00:00,173.6949,180.0
2024-05-10 03:00:00,173.27472,179.0
2024-05-10 04:00:00,174.65381,177.0
2024-05-10 05:00:00,175.32515,176.0
2024-05-10 06:00:00,174.79355,175.0
2024-05-10 07:00:00,174.36327,175.0
2024-05-10 08:00:00,173.16428,174.0
2024-05-10 09:00:00,171.9053,173.0
2024-05-10 10:00:00,169.22118,172.0
2024-05-10 11:00:00,167.39876,172.0
2024-05-10 12:00:00,166.66272,172.0
2024-05-10 13:00:00,166.19052,170.99999999999997
2024-05-10 14:00:00,166.87889,170.99999999999997
2024-05-10 15:00:00,171.44843,170.99999999999997
2024-05-10 16:00:00,179.69418,178.0
2024-05-10 17:00:00,183.80994,195.0
2024-05-10 18:00:00,184.12619,194.0
2024-05-10 19:00:00,173.0645,175.0
2024-05-10 20:00:00,158.99324,168.0
2024-05-10 21:00:00,153.50394,168.0
2024-05-10 22:00:00,151.25993,166.0
2024-05-10 23:00:00,148.86836,165.0
2024-05-11 00:00:00,147.86807,164.0
2024-05-11 01:00:00,148.1047,163.0
2024-05-11 02:00:00,148.8876,162.0
2024-05-11 03:00:00,147.65642,161.0
2024-05-11 04:00:00,147.67384,159.0
2024-05-11 05:00:00,148.73453,158.0
2024-05-11 06:00:00,149.26717,157.0
2024-05-11 07:00:00,149.5489,156.0
2024-05-11 08:00:00,148.63931,154.0
2024-05-11 09:00:00,149.56673,154.0
2024-05-11 10:00:00,150.10843,153.0
2024-05-11 11:00:00,150.88203,153.0
2024-05-11 12:00:00,154.98552,153.0
2024-05-11 13:00:00,157.63394,154.0
2024-05-11 14:00:00,165.62556,156.0
2024-05-11 15:00:00,177.90611,193.0
2024-05-11 16:00:00,206.93733,216.0
2024-05-11 17:00:00,213.54596,230.0
2024-05-11 18:00:00,213.14975,237.0
2024-05-11 19:00:00,204.65887,234.0
2024-05-11 20:00:00,193.28508,224.00000000000003
2024-05-11 21:00:00,181.9105,209.0
2024-05-11 22:00:00,172.33063,178.0
2024-05-11 23:00:00,160.34546,159.0
2024-05-12 00:00:00,154.97455,159.99999999999997
2024-05-12 01:00:00,157.15063,159.99999999999997
2024-05-12 02:00:00,159.84233,161.0
2024-05-12 03:00:00,162.42825,162.0
2024-05-12 04:00:00,164.60193,163.0
2024-05-12 05:00:00,165.93518,164.0
2024-05-12 06:00:00,165.33759,165.0
2024-05-12 07:00:00,163.9731,166.0
2024-05-12 08:00:00,163.06792,167.0
2024-05-12 09:00:00,166.28348,167.0
2024-05-12 10:00:00,166.02881,167.0
2024-05-12 11:00:00,162.20078,167.0
2024-05-12 12:00:00,159.67215,166.0
2024-05-12 13:00:00,159.28029,165.0
2024-05-12 14:00:00,160.79617,165.0
2024-05-12 15:00:00,166.40732,164.0
2024-05-12 16:00:00,172.15277,165.0
2024-05-12 17:00:00,176.70432,183.0
2024-05-12 18:00:00,180.39217,184.0
2024-05-12 19:00:00,171.05739,169.0
2024-05-12 20:00:00,159.82767,161.0
2024-05-12 21:00:00,152.92256,159.99999999999997
2024-05-12 22:00:00,149.4845,159.0
2024-05-12 23:00:00,146.53317,159.0
2024-05-13 00:00:00,144.02959,158.0
2024-05-13 01:00:00,142.26259,157.0
2024-05-13 02:00:00,139.14857,157.0
2024-05-13 03:00:00,137.30504,156.0
2024-05-13 04:00:00,137.43031,156.0
2024-05-13 05:00:00,137.61815,155.0
2024-05-13 06:00:00,139.06302,155.0
2024-05-13 07:00:00,139.13763,155.0
2024-05-13 08:00:00,140.44318,155.0
2024-05-13 09:00:00,145.53397,155.0
2024-05-13 10:00:00,146.78734,156.0
2024-05-13 11:00:00,148.37659,157.0
2024-05-13 12:00:00,148.63438,157.0
2024-05-13 13:00:00,150.91232,158.0
2024-05-13 14:00:00,157.72447,158.0
2024-05-13 15:00:00,163.1461,159.0
2024-05-13 16:00:00,171.80655,185.0
2024-05-13 17:00:00,183.55708,201.0
2024-05-13 18:00:00,185.02113,202.0
2024-05-13 19:00:00,175.48293,191.0
2024-05-13 20:00:00,165.30347,169.0
2024-05-13 21:00:00,153.83339,159.99999999999997
2024-05-13 22:00:00,149.10117,159.0
2024-05-13 23:00:00,146.75804,159.0
2024-05-14 00:00:00,144.65027,159.0
2024-05-14 01:00:00,143.14615,159.0
2024-05-14 02:00:00,143.36075,159.0
2024-05-14 03:00:00,143.50267,159.0
2024-05-14 04:00:00,144.59169,159.0
2024-05-14 05:00:00,146.98085,159.0
2024-05-14 06:00:00,148.75075,159.0
2024-05-14 07:00:00,149.61745,159.0
2024-05-14 08:00:00,149.04515,158.0
2024-05-14 09:00:00,151.41089,157.0
2024-05-14 10:00:00,152.9357,157.0
2024-05-14 11:00:00,152.11806,156.0
2024-05-14 12:00:00,153.46297,156.0
2024-05-14 13:00:00,156.0144,156.0
2024-05-14 14:00:00,161.86476,156.0
2024-05-14 15:00:00,167.86885,156.0
2024-05-14 16:00:00,176.1368,181.0
2024-05-14 17:00:00,182.54716,200.0
2024-05-14 18:00:00,181.74956,201.0
2024-05-14 19:00:00,176.06955,188.0
2024-05-14 20:00:00,165.63864,159.99999999999997
2024-05-14 21:00:00,158.69333,162.0
2024-05-14 22:00:00,159.88788,164.0
2024-05-14 23:00:00,160.05914,166.0
2024-05-15 00:00:00,160.2478,168.0
2024-05-15 01:00:00,160.80478,169.0
2024-05-15 02:00:00,164.39601,170.99999999999997
2024-05-15 03:00:00,167.11848,172.0
2024-05-15 04:00:00,170.30678,173.0
2024-05-15 05:00:00,173.25424,174.0
2024-05-15 06:00:00,173.4267,175.0
2024-05-15 07:00:00,176.26088,176.0
2024-05-15 08:00:00,177.93243,177.0
2024-05-15 09:00:00,181.40184,178.0
2024-05-15 10:00:00,182.24693,178.0
2024-05-15 11:00:00,180.0974,178.0
2024-05-15 12:00:00,179.1816,177.0
2024-05-15 13:00:00,177.4602,177.0
2024-05-15 14:00:00,179.98734,176.0
2024-05-15 15:00:00,185.20338,176.0
2024-05-15 16:00:00,190.53934,175.0
2024-05-15 17:00:00,193.01717,184.0
2024-05-15 18:00:00,193.74666,185.0
2024-05-15 19:00:00,186.55759,174.0
2024-05-15 20:00:00,176.15552,172.0
2024-05-15 21:00:00,166.92015,170.0
2024-05-15 22:00:00,159.15245,168.0
2024-05-15 23:00:00,156.65561,167.0
2024-05-16 00:00:00,154.12605,166.0
2024-05-16 01:00:00,153.64795,165.0
2024-05-16 02:00:00,153.8087,164.0
2024-05-16 03:00:00,153.67427,163.0
2024-05-16 04:00:00,153.0717,162.0
2024-05-16 05:00:00,153.0043,161.0
2024-05-16 06:00:00,154.34016,159.99999999999997
2024-05-16 07:00:00,156.09859,159.0
2024-05-16 08:00:00,157.22878,158.0
2024-05-16 09:00:00,160.6911,158.0
2024-05-16 10:00:00,161.60503,159.0
2024-05-16 11:00:00,162.84601,159.99999999999997
2024-05-16 12:00:00,162.26733,161.0
2024-05-16 13:00:00,166.82678,162.0
2024-05-16 14:00:00,172.22708,163.0
2024-05-16 15:00:00,177.88666,164.0
2024-05-16 16:00:00,194.71434,201.0
2024-05-16 17:00:00,213.77956,212.0
2024-05-16 18:00:00,212.69983,215.0
2024-05-16 19:00:00,207.17757,211.0
2024-05-16 20:00:00,198.42513,203.0
2024-05-16 21:00:00,185.40138,180.0
2024-05-16 22:00:00,170.78278,170.0
2024-05-16 23:00:00,166.82661,170.0
2024-05-17 00:00:00,165.80232,170.0
2024-05-17 01:00:00,166.63583,170.99999999999997
2024-05-17 02:00:00,168.5974,170.99999999999997
2024-05-17 03:00:00,168.63724,170.99999999999997
2024-05-17 04:00:00,168.69832,172.0
2024-05-17 05:00:00,169.64206,172.0
2024-05-17 06:00:00,171.29494,173.0
2024-05-17 07:00:00,172.74617,173.0
2024-05-17 08:00:00,173.53827,172.0
2024-05-17 09:00:00,176.21896,172.0
2024-05-17 10:00:00,177.24312,172.0
2024-05-17 11:00:00,176.71243,170.99999999999997
2024-05-17 12:00:00,177.96669,170.0
2024-05-17 13:00:00,178.00317,169.0
2024-05-17 14:00:00,181.32945,168.0
2024-05-17 15:00:00,186.67316,168.0
2024-05-17 16:00:00,192.49557,186.0
2024-05-17 17:00:00,202.8964,206.0
2024-05-17 18:00:00,206.95114,211.0
2024-05-17 19:00:00,203.20444,207.0
2024-05-17 20:00:00,194.08076,189.0
2024-05-17 21:00:00,181.49606,169.0
2024-05-17 22:00:00,172.85063,170.0
2024-05-17 23:00:00,170.4052,170.99999999999997
2024-05-18 00:00:00,168.31686,172.0
2024-05-18 01:00:00,167.46672,173.0
2024-05-18 02:00:00,166.947,173.0
2024-05-18 03:00:00,166.4986,174.0
2024-05-18 04:00:00,168.96828,174.0
2024-05-18 05:00:00,170.93588,174.0
2024-05-18 06:00:00,173.32912,175.0
2024-05-18 07:00:00,174.53183,175.0
2024-05-18 08:00:00,174.85278,175.0
2024-05-18 09:00:00,179.60066,175.0
2024-05-18 10:00:00,179.9007,176.0
2024-05-18 11:00:00,181.13498,177.0
2024-05-18 12:00:00,185.00867,177.0
2024-05-18 13:00:00,183.10918,177.0
2024-05-18 14:00:00,185.25557,177.0
2024-05-18 15:00:00,188.44643,177.0
2024-05-18 16:00:00,194.71495,199.0
2024-05-18 17:00:00,207.73158,210.0
2024-05-18 18:00:00,208.90208,212.0
2024-05-18 19:00:00,203.03474,206.0
2024-05-18 20:00:00,188.08377,190.0
2024-05-18 21:00:00,174.1449,173.0
2024-05-18 22:00:00,164.89285,172.0
2024-05-18 23:00:00,161.89638,170.0
2024-05-19 00:00:00,159.2415,168.0
2024-05-19 01:00:00,157.31316,167.0
2024-05-19 02:00:00,155.7973,166.0
2024-05-19 03:00:00,154.26051,165.0
2024-05-19 04:00:00,154.15475,164.0
2024-05-19 05:00:00,156.42511,163.0
2024-05-19 06:00:00,158.05927,162.0
2024-05-19 07:00:00,160.68495,161.0
2024-05-19 08:00:00,161.8085,161.0
2024-05-19 09:00:00,163.45557,159.99999999999997
2024-05-19 10:00:00,161.99611,159.99999999999997
2024-05-19 11:00:00,160.81367,159.0
2024-05-19 12:00:00,158.88759,159.0
2024-05-19 13:00:00,161.14615,159.0
2024-05-19 14:00:00,163.98595,159.0
2024-05-19 15:00:00,169.0139,159.99999999999997
2024-05-19 16:00:00,184.31836,200.0
2024-05-19 17:00:00,203.54295,213.00000000000003
2024-05-19 18:00:00,205.69496,219.0
2024-05-19 19:00:00,201.11842,216.0
2024-05-19 20:00:00,191.12703,205.0
2024-05-19 21:00:00,178.87096,179.0
2024-05-19 22:00:00,166.0215,165.0
2024-05-19 23:00:00,160.70764,166.0
2024-05-20 00:00:00,158.38486,166.0
2024-05-20 01:00:00,155.68939,167.0
2024-05-20 02:00:00,154.52643,168.0
2024-05-20 03:00:00,154.44984,168.0
2024-05-20 04:00:00,156.48898,169.0
2024-05-20 05:00:00,160.39201,169.0
2024-05-20 06:00:00,163.28017,169.0
2024-05-20 07:00:00,165.30167,169.0
2024-05-20 08:00:00,167.57047,169.0
2024-05-20 09:00:00,171.13857,169.0
2024-05-20 10:00:00,172.53108,169.0
2024-05-20 11:00:00,171.01355,169.0
2024-05-20 12:00:00,169.52951,169.0
2024-05-20 13:00:00,167.58914,168.0
2024-05-20 14:00:00,167.74324,168.0
2024-05-20 15:00:00,171.53177,167.0
2024-05-20 16:00:00,175.57011,167.0
2024-05-20 17:00:00,183.1858,177.0
2024-05-20 18:00:00,189.58049,183.0
2024-05-20 19:00:00,186.14113,172.0
2024-05-20 20:00:00,175.03477,166.0
2024-05-20 21:00:00,168.26823,166.0
2024-05-20 22:00:00,164.97073,167.0
2024-05-20 23:00:00,161.35442,168.0
2024-05-21 00:00:00,158.65874,169.0
2024-05-21 01:00:00,157.6773,170.0
2024-05-21 02:00:00,157.4425,170.99999999999997
2024-05-21 03:00:00,157.68661,172.0
2024-05-21 04:00:00,159.374,173.0
2024-05-21 05:00:00,162.7158,174.0
2024-05-21 06:00:00,166.82039,175.0
2024-05-21 07:00:00,171.12755,176.0
2024-05-21 08:00:00,172.50633,177.0
2024-05-21 09:00:00,178.05595,179.0
2024-05-21 10:00:00,180.94194,180.0
2024-05-21 11:00:00,181.98236,180.0
2024-05-21 12:00:00,180.18126,181.0
2024-05-21 13:00:00,179.93483,182.0
2024-05-21 14:00:00,180.50168,182.0
2024-05-21 15:00:00,184.13852,183.0
2024-05-21 16:00:00,191.23213,189.0
2024-05-21 17:00:00,199.02461,207.0
2024-05-21 18:00:00,208.15813,211.0
2024-05-21 19:00:00,205.26727,207.0
2024-05-21 20:00:00,197.40565,188.0
2024-05-21 21:00:00,184.21,186.0
2024-05-21 22:00:00,179.66786,186.0
2024-05-21 23:00:00,174.63086,185.0
2024-05-22 00:00:00,165.62338,184.0
2024-05-22 01:00:00,163.46404,183.0
2024-05-22 02:00:00,164.71931,182.0
2024-05-22 03:00:00,166.38026,180.0
2024-05-22 04:00:00,167.92392,179.0
2024-05-22 05:00:00,169.69946,178.0
2024-05-22 06:00:00,171.38467,177.0
2024-05-22 07:00:00,172.6703,176.0
2024-05-22 08:00:00,173.72144,175.0
2024-05-22 09:00:00,177.98941,174.0
2024-05-22 10:00:00,177.39307,174.0
2024-05-22 11:00:00,177.99898,175.0
2024-05-22 12:00:00,177.12442,175.0
2024-05-22 13:00:00,182.39304,176.0
2024-05-22 14:00:00,188.8476,177.0
2024-05-22 15:00:00,200.29233,177.0
2024-05-22 16:00:00,202.61574,188.0
2024-05-22 17:00:00,208.53365,207.0
2024-05-22 18:00:00,228.17308,212.0
2024-05-22 19:00:00,224.45418,211.0
2024-05-22 20:00:00,214.9774,202.0
2024-05-22 21:00:00,200.06259,178.0
2024-05-22 22:00:00,184.92346,179.0
2024-05-22 23:00:00,183.74828,180.0
2024-05-23 00:00:00,182.72617,182.0
2024-05-23 01:00:00,184.59035,184.0
2024-05-23 02:00:00,184.71332,186.0
2024-05-23 03:00:00,183.70927,188.0
2024-05-23 04:00:00,183.27187,190.0
2024-05-23 05:00:00,187.96532,192.0
2024-05-23 06:00:00,190.46994,194.0
2024-05-23 07:00:00,191.84007,196.0
2024-05-23 08:00:00,191.17099,198.0
2024-05-23 09:00:00,191.2909,199.0
2024-05-23 10:00:00,193.31775,200.0
2024-05-23 11:00:00,196.25377,201.0
2024-05-23 12:00:00,204.83995,201.0
2024-05-23 13:00:00,218.21191,202.0
2024-05-23 14:00:00,221.15553,201.0
2024-05-23 15:00:00,228.54549,201.0
2024-05-23 16:00:00,229.95341,208.0
2024-05-23 17:00:00,237.7982,219.0
2024-05-23 18:00:00,239.47374,222.0
2024-05-23 19:00:00,233.46083,217.0
2024-05-23 20:00:00,221.4593,207.0
2024-05-23 21:00:00,209.07014,197.0
2024-05-23 22:00:00,196.66821,195.0
2024-05-23 23:00:00,190.83722,192.0
2024-05-24 00:00:00,185.16273,190.0
2024-05-24 01:00:00,181.26962,188.0
2024-05-24 02:00:00,178.24149,186.0
2024-05-24 03:00:00,176.29555,184.0
2024-05-24 04:00:00,176.19319,182.0
2024-05-24 05:00:00,175.1264,180.0
2024-05-24 06:00:00,173.63335,178.0
2024-05-24 07:00:00,171.26378,177.0
2024-05-24 08:00:00,167.79544,174.0
2024-05-24 09:00:00,166.89745,172.0
2024-05-24 10:00:00,163.59235,170.0
2024-05-24 11:00:00,160.01787,168.0
2024-05-24 12:00:00,162.04965,167.0
2024-05-24 13:00:00,165.32314,165.0
2024-05-24 14:00:00,164.71063,164.0
2024-05-24 15:00:00,161.39238,163.0
2024-05-24 16:00:00,158.40965,161.0
2024-05-24 17:00:00,155.92871,159.99999999999997
2024-05-24 18:00:00,152.45195,159.0
2024-05-24 19:00:00,149.38368,158.0
2024-05-24 20:00:00,145.61832,157.0
2024-05-24 21:00:00,142.5899,156.0
2024-05-24 22:00:00,140.45006,155.0
2024-05-24 23:00:00,139.99065,153.0
2024-05-25 00:00:00,137.49983,152.0
2024-05-25 01:00:00,134.10278,151.0
2024-05-25 02:00:00,125.0181,148.0
2024-05-25 03:00:00,117.33616,144.0
2024-05-25 04:00:00,117.99401,140.0
2024-05-25 05:00:00,118.07634,137.0
2024-05-25 06:00:00,115.32266,133.0
2024-05-25 07:00:00,113.498215,129.0
2024-05-25 08:00:00,112.77717,126.0
2024-05-25 09:00:00,114.195465,123.0
2024-05-25 10:00:00,118.24523,122.0
2024-05-25 11:00:00,123.291626,121.0
2024-05-25 12:00:00,131.30722,120.0
2024-05-25 13:00:00,134.85266,120.0
2024-05-25 14:00:00,133.44734,120.0
2024-05-25 15:00:00,131.88728,119.0
2024-05-25 16:00:00,129.86072,120.0
2024-05-25 17:00:00,131.11119,121.0
2024-05-25 18:00:00,130.9275,123.0
2024-05-25 19:00:00,130.17702,126.0
2024-05-25 20:00:00,128.93513,128.0
2024-05-25 21:00:00,126.88087,130.0
2024-05-25 22:00:00,125.32461,133.0
2024-05-25 23:00:00,125.636246,135.0
2024-05-26 00:00:00,126.737366,138.0
2024-05-26 01:00:00,129.67998,140.0
2024-05-26 02:00:00,133.75514,143.0
2024-05-26 03:00:00,137.30885,147.0
2024-05-26 04:00:00,141.0653,150.0
2024-05-26 05:00:00,144.39062,151.0
2024-05-26 06:00:00,143.58289,152.0
2024-05-26 07:00:00,144.20448,153.0
2024-05-26 08:00:00,148.02744,153.0
2024-05-26 09:00:00,151.58119,154.0
2024-05-26 10:00:00,150.14934,154.0
2024-05-26 11:00:00,149.01306,154.0
2024-05-26 12:00:00,148.9488,154.0
2024-05-26 13:00:00,148.86717,154.0
2024-05-26 14:00:00,151.1864,154.0
2024-05-26 15:00:00,155.54816,154.0
2024-05-26 16:00:00,159.5499,154.0
2024-05-26 17:00:00,162.66725,155.0
2024-05-26 18:00:00,161.56952,162.0
2024-05-26 19:00:00,158.77708,158.0
2024-05-26 20:00:00,151.16243,155.0
2024-05-26 21:00:00,145.89479,156.0
2024-05-26 22:00:00,143.43396,157.0
2024-05-26 23:00:00,142.26534,158.0
2024-05-27 00:00:00,141.5711,159.0
2024-05-27 01:00:00,142.15262,159.99999999999997
2024-05-27 02:00:00,143.39801,161.0
2024-05-27 03:00:00,144.70493,161.0
2024-05-27 04:00:00,146.89383,162.0
2024-05-27 05:00:00,150.24254,162.0
2024-05-27 06:00:00,151.64493,163.0
2024-05-27 07:00:00,154.26013,163.0
2024-05-27 08:00:00,155.77094,164.0
2024-05-27 09:00:00,159.72902,165.0
2024-05-27 10:00:00,163.15929,165.0
2024-05-27 11:00:00,161.3481,166.0
2024-05-27 12:00:00,161.41164,166.0
2024-05-27 13:00:00,163.90486,167.0
2024-05-27 14:00:00,166.64113,167.0
2024-05-27 15:00:00,173.90237,167.0
2024-05-27 16:00:00,183.53198,181.0
2024-05-27 17:00:00,193.27272,200.0
2024-05-27 18:00:00,196.70334,201.0
2024-05-27 19:00:00,186.74626,189.0
2024-05-27 20:00:00,169.66994,166.0
2024-05-27 21:00:00,157.91466,165.0
2024-05-27 22:00:00,159.15329,165.0
2024-05-27 23:00:00,155.57433,164.0
2024-05-28 00:00:00,153.49837,164.0
2024-05-28 01:00:00,153.33188,163.0
2024-05-28 02:00:00,153.35532,163.0
2024-05-28 03:00:00,153.51886,162.0
2024-05-28 04:00:00,153.21805,162.0
2024-05-28 05:00:00,155.39438,162.0
2024-05-28 06:00:00,156.04698,161.0
2024-05-28 07:00:00,157.94194,161.0
2024-05-28 08:00:00,158.39801,161.0
2024-05-28 09:00:00,162.62523,159.99999999999997
2024-05-28 10:00:00,160.91968,159.99999999999997
2024-05-28 11:00:00,160.38577,159.99999999999997
2024-05-28 12:00:00,160.2587,159.99999999999997
2024-05-28 13:00:00,161.37778,159.0
2024-05-28 14:00:00,164.72859,159.0
2024-05-28 15:00:00,172.26788,159.0
2024-05-28 16:00:00,185.57063,179.0
2024-05-28 17:00:00,202.71783,203.0
2024-05-28 18:00:00,208.82545,208.0
2024-05-28 19:00:00,201.52322,204.0
2024-05-28 20:00:00,188.02238,186.0
2024-05-28 21:00:00,174.36197,163.0
2024-05-28 22:00:00,162.39592,164.0
2024-05-28 23:00:00,161.42534,165.0
2024-05-29 00:00:00,158.73015,166.0
2024-05-29 01:00:00,158.48122,167.0
2024-05-29 02:00:00,159.50475,168.0
2024-05-29 03:00:00,160.34488,169.0
2024-05-29 04:00:00,162.12404,170.0
2024-05-29 05:00:00,164.2215,170.99999999999997
2024-05-29 06:00:00,165.0731,173.0
2024-05-29 07:00:00,165.96623,174.0
2024-05-29 08:00:00,167.51544,176.0
2024-05-29 09:00:00,171.08908,177.0
2024-05-29 10:00:00,170.6201,178.0
2024-05-29 11:00:00,170.01598,178.0
2024-05-29 12:00:00,169.32423,179.0
2024-05-29 13:00:00,171.18938,179.0
2024-05-29 14:00:00,173.86504,180.0
2024-05-29 15:00:00,180.17618,180.0
2024-05-29 16:00:00,188.47429,180.0
2024-05-29 17:00:00,192.79509,197.0
2024-05-29 18:00:00,198.45445,201.0
2024-05-29 19:00:00,191.123,188.0
2024-05-29 20:00:00,179.23784,182.0
2024-05-29 21:00:00,173.40466,182.0
2024-05-29 22:00:00,170.20381,183.0
2024-05-29 23:00:00,169.84576,184.0
2024-05-30 00:00:00,170.17574,185.0
2024-05-30 01:00:00,171.90926,185.0
2024-05-30 02:00:00,173.14006,186.0
2024-05-30 03:00:00,172.85806,186.0
2024-05-30 04:00:00,173.5936,186.0
2024-05-30 05:00:00,173.32019,186.0
2024-05-30 06:00:00,174.59541,185.0
2024-05-30 07:00:00,176.65999,185.0
2024-05-30 08:00:00,177.95912,184.0
2024-05-30 09:00:00,182.70937,183.0
2024-05-30 10:00:00,182.81993,183.0
2024-05-30 11:00:00,179.50269,183.0
2024-05-30 12:00:00,181.37732,184.0
2024-05-30 13:00:00,182.75954,184.0
2024-05-30 14:00:00,188.20184,185.0
2024-05-30 15:00:00,197.64775,185.0
2024-05-30 16:00:00,210.80887,206.0
2024-05-30 17:00:00,225.98586,221.0
2024-05-30 18:00:00,229.56226,228.0
2024-05-30 19:00:00,222.42131,224.00000000000003
2024-05-30 20:00:00,209.59096,214.0
2024-05-30 21:00:00,198.84038,200.0
2024-05-30 22:00:00,188.02783,192.0
2024-05-30 23:00:00,183.32935,193.0
2024-05-31 00:00:00,182.771,194.0
2024-05-31 01:00:00,182.13603,194.0
2024-05-31 02:00:00,181.6755,195.0
2024-05-31 03:00:00,182.90875,196.0
2024-05-31 04:00:00,185.08536,196.0
2024-05-31 05:00:00,187.1158,197.0
2024-05-31 06:00:00,189.02823,197.0
2024-05-31 07:00:00,191.01642,198.0
2024-05-31 08:00:00,191.74454,198.0
2024-05-31 09:00:00,195.23323,199.0
2024-05-31 10:00:00,194.94385,200.0
2024-05-31 11:00:00,194.29343,200.0
2024-05-31 12:00:00,194.61545,200.0
2024-05-31 13:00:00,197.2038,199.0
2024-05-31 14:00:00,198.91765,199.0
2024-05-31 15:00:00,206.63824,199.0
2024-05-31 16:00:00,218.04616,205.0
2024-05-31 17:00:00,226.12816,217.0
2024-05-31 18:00:00,226.79837,220.0
2024-05-31 19:00:00,216.24576,215.0
2024-05-31 20:00:00,200.39346,203.0
2024-05-31 21:00:00,184.1687,191.0
2024-05-31 22:00:00,170.7779,190.0
2024-05-31 23:00:00,161.60252,188.0
