,pred,truth
2023-12-20 01:00:00,148.11092,147.0
2023-12-20 02:00:00,142.85336,142.0
2023-12-20 03:00:00,137.43272,137.0
2023-12-20 04:00:00,132.18782,133.0
2023-12-20 05:00:00,127.516365,130.0
2023-12-20 06:00:00,123.82205,128.0
2023-12-20 07:00:00,120.45843,125.0
2023-12-20 08:00:00,116.83473,122.0
2023-12-20 09:00:00,113.728355,118.0
2023-12-20 10:00:00,110.711716,115.0
2023-12-20 11:00:00,108.637146,112.00000000000001
2023-12-20 12:00:00,107.06065,109.0
2023-12-20 13:00:00,106.35396,108.0
2023-12-20 14:00:00,107.118675,106.0
2023-12-20 15:00:00,107.905426,105.0
2023-12-20 16:00:00,109.57054,120.0
2023-12-20 17:00:00,117.34704,133.0
2023-12-20 18:00:00,120.99379,127.0
2023-12-20 19:00:00,114.613625,103.0
2023-12-20 20:00:00,101.932396,98.0
2023-12-20 21:00:00,98.74792,98.0
2023-12-20 22:00:00,98.031975,98.0
2023-12-20 23:00:00,98.2813,100.0
2023-12-21 00:00:00,99.86027,102.0
2023-12-21 01:00:00,101.76808,104.0
2023-12-21 02:00:00,104.20857,107.0
2023-12-21 03:00:00,107.16054,109.0
2023-12-21 04:00:00,109.605934,110.0
2023-12-21 05:00:00,111.22604,111.0
2023-12-21 06:00:00,112.27536,112.00000000000001
2023-12-21 07:00:00,113.126854,113.0
2023-12-21 08:00:00,114.81226,114.0
2023-12-21 09:00:00,115.94617,115.0
2023-12-21 10:00:00,117.40753,117.0
2023-12-21 11:00:00,119.93962,118.0
2023-12-21 12:00:00,122.95899,119.0
2023-12-21 13:00:00,126.89142,121.0
2023-12-21 14:00:00,134.75848,122.0
2023-12-21 15:00:00,146.84885,146.0
2023-12-21 16:00:00,170.05652,180.0
2023-12-21 17:00:00,190.48161,201.0
2023-12-21 18:00:00,196.15923,203.0
2023-12-21 19:00:00,183.87297,192.0
2023-12-21 20:00:00,162.83698,159.99999999999997
2023-12-21 21:00:00,142.61995,133.0
2023-12-21 22:00:00,130.10258,132.0
2023-12-21 23:00:00,131.33151,130.0
2023-12-22 00:00:00,125.33141,128.0
2023-12-22 01:00:00,123.230896,125.0
2023-12-22 02:00:00,120.79767,123.0
2023-12-22 03:00:00,119.12965,121.0
2023-12-22 04:00:00,117.36244,119.0
2023-12-22 05:00:00,115.46632,117.0
2023-12-22 06:00:00,113.7973,117.0
2023-12-22 07:00:00,114.79003,116.0
2023-12-22 08:00:00,116.687454,116.0
2023-12-22 09:00:00,113.1039,115.0
2023-12-22 10:00:00,111.83832,113.0
2023-12-22 11:00:00,110.73504,111.0
2023-12-22 12:00:00,109.5323,110.0
2023-12-22 13:00:00,109.35933,109.0
2023-12-22 14:00:00,110.06258,108.0
2023-12-22 15:00:00,111.530205,107.0
2023-12-22 16:00:00,113.38852,106.0
2023-12-22 17:00:00,116.44279,129.0
2023-12-22 18:00:00,128.88086,140.0
2023-12-22 19:00:00,130.43353,133.0
2023-12-22 20:00:00,123.20551,107.0
2023-12-22 21:00:00,111.55449,109.0
2023-12-22 22:00:00,113.91649,112.00000000000001
2023-12-22 23:00:00,115.170616,116.0
2023-12-23 00:00:00,118.57444,120.0
2023-12-23 01:00:00,121.9092,125.0
2023-12-23 02:00:00,125.889175,131.0
2023-12-23 03:00:00,130.43683,137.0
2023-12-23 04:00:00,135.01569,142.0
2023-12-23 05:00:00,139.16231,148.0
2023-12-23 06:00:00,143.62279,151.0
2023-12-23 07:00:00,146.55829,153.0
2023-12-23 08:00:00,149.45921,155.0
2023-12-23 09:00:00,152.61343,157.0
2023-12-23 10:00:00,156.21776,159.0
2023-12-23 11:00:00,160.3897,159.99999999999997
2023-12-23 12:00:00,164.92812,161.0
2023-12-23 13:00:00,170.76361,162.0
2023-12-23 14:00:00,178.42017,162.0
2023-12-23 15:00:00,188.55034,204.0
2023-12-23 16:00:00,217.43042,223.0
2023-12-23 17:00:00,227.61177,237.0
2023-12-23 18:00:00,233.67497,242.0
2023-12-23 19:00:00,230.23036,239.0
2023-12-23 20:00:00,221.00943,226.0
2023-12-23 21:00:00,207.21843,209.0
2023-12-23 22:00:00,192.48221,175.0
2023-12-23 23:00:00,173.5427,176.0
2023-12-24 00:00:00,174.52956,177.0
2023-12-24 01:00:00,173.70505,178.0
2023-12-24 02:00:00,174.3593,179.0
2023-12-24 03:00:00,174.53159,179.0
2023-12-24 04:00:00,174.42159,180.0
2023-12-24 05:00:00,174.99237,181.0
2023-12-24 06:00:00,175.69789,182.0
2023-12-24 07:00:00,176.56062,182.0
2023-12-24 08:00:00,177.07216,182.0
2023-12-24 09:00:00,177.8738,182.0
2023-12-24 10:00:00,178.9121,182.0
2023-12-24 11:00:00,180.32849,183.0
2023-12-24 12:00:00,182.51534,184.0
2023-12-24 13:00:00,184.89099,184.0
2023-12-24 14:00:00,187.20462,185.0
2023-12-24 15:00:00,190.50429,188.0
2023-12-24 16:00:00,195.0046,207.0
2023-12-24 17:00:00,204.80354,212.0
2023-12-24 18:00:00,202.9682,210.0
2023-12-24 19:00:00,197.18526,203.0
2023-12-24 20:00:00,189.32578,185.0
2023-12-24 21:00:00,179.8444,184.0
2023-12-24 22:00:00,180.59938,184.0
2023-12-24 23:00:00,180.25504,184.0
2023-12-25 00:00:00,180.9238,184.0
2023-12-25 01:00:00,181.20847,184.0
2023-12-25 02:00:00,181.18376,184.0
2023-12-25 03:00:00,181.05275,183.0
2023-12-25 04:00:00,180.35385,183.0
2023-12-25 05:00:00,179.93275,181.0
2023-12-25 06:00:00,179.88107,180.0
2023-12-25 07:00:00,177.25183,179.0
2023-12-25 08:00:00,179.02731,179.0
2023-12-25 09:00:00,177.77332,179.0
2023-12-25 10:00:00,177.20378,178.0
2023-12-25 11:00:00,176.38243,178.0
2023-12-25 12:00:00,176.45598,178.0
2023-12-25 13:00:00,177.06857,177.0
2023-12-25 14:00:00,177.17459,176.0
2023-12-25 15:00:00,180.15685,176.0
2023-12-25 16:00:00,187.8561,201.0
2023-12-25 17:00:00,204.49095,208.0
2023-12-25 18:00:00,196.67744,208.0
2023-12-25 19:00:00,190.69507,201.0
2023-12-25 20:00:00,181.23785,182.0
2023-12-25 21:00:00,171.1824,170.99999999999997
2023-12-25 22:00:00,165.95024,169.0
2023-12-25 23:00:00,165.0204,167.0
2023-12-26 00:00:00,164.32616,165.0
2023-12-26 01:00:00,161.7048,164.0
2023-12-26 02:00:00,160.37012,162.0
2023-12-26 03:00:00,160.67654,161.0
2023-12-26 04:00:00,159.69492,159.99999999999997
2023-12-26 05:00:00,158.83908,159.99999999999997
2023-12-26 06:00:00,158.16995,159.0
2023-12-26 07:00:00,158.1615,159.0
2023-12-26 08:00:00,156.89664,158.0
2023-12-26 09:00:00,156.37671,157.0
2023-12-26 10:00:00,155.65266,156.0
2023-12-26 11:00:00,154.68622,156.0
2023-12-26 12:00:00,154.57735,155.0
2023-12-26 13:00:00,153.5726,154.0
2023-12-26 14:00:00,153.17824,154.0
2023-12-26 15:00:00,152.99747,153.0
2023-12-26 16:00:00,152.04794,153.0
2023-12-26 17:00:00,152.53511,153.0
2023-12-26 18:00:00,152.5269,153.0
2023-12-26 19:00:00,152.44388,153.0
2023-12-26 20:00:00,152.842,154.0
2023-12-26 21:00:00,153.80017,154.0
2023-12-26 22:00:00,153.17197,155.0
2023-12-26 23:00:00,154.73412,155.0
2023-12-27 00:00:00,153.7706,155.0
2023-12-27 01:00:00,154.1169,155.0
2023-12-27 02:00:00,154.93993,156.0
2023-12-27 03:00:00,155.07704,156.0
2023-12-27 04:00:00,156.00905,156.0
2023-12-27 05:00:00,155.3339,157.0
2023-12-27 06:00:00,155.86969,157.0
2023-12-27 07:00:00,157.0842,157.0
2023-12-27 08:00:00,156.96353,157.0
2023-12-27 09:00:00,156.67001,157.0
2023-12-27 10:00:00,155.96275,156.0
2023-12-27 11:00:00,154.78018,156.0
2023-12-27 12:00:00,155.30684,157.0
2023-12-27 13:00:00,157.40564,157.0
2023-12-27 14:00:00,160.02916,157.0
2023-12-27 15:00:00,163.65222,157.0
2023-12-27 16:00:00,168.84985,161.0
2023-12-27 17:00:00,177.62955,194.0
2023-12-27 18:00:00,197.36182,206.0
2023-12-27 19:00:00,198.93546,208.0
2023-12-27 20:00:00,194.0796,203.0
2023-12-27 21:00:00,184.96729,186.0
2023-12-27 22:00:00,170.6948,159.99999999999997
2023-12-27 23:00:00,155.74539,159.99999999999997
2023-12-28 00:00:00,155.1053,161.0
2023-12-28 01:00:00,153.787,161.0
2023-12-28 02:00:00,153.23607,161.0
2023-12-28 03:00:00,152.65546,161.0
2023-12-28 04:00:00,152.31454,159.99999999999997
2023-12-28 05:00:00,151.96391,159.99999999999997
2023-12-28 06:00:00,152.63896,159.99999999999997
2023-12-28 07:00:00,153.74265,159.0
2023-12-28 08:00:00,155.09665,159.0
2023-12-28 09:00:00,157.45186,159.99999999999997
2023-12-28 10:00:00,160.648,159.0
2023-12-28 11:00:00,163.4233,159.99999999999997
2023-12-28 12:00:00,167.6946,159.99999999999997
2023-12-28 13:00:00,171.85706,159.99999999999997
2023-12-28 14:00:00,177.00366,159.99999999999997
2023-12-28 15:00:00,183.49022,170.0
2023-12-28 16:00:00,195.85828,206.0
2023-12-28 17:00:00,217.37952,220.0
2023-12-28 18:00:00,221.90536,227.0
2023-12-28 19:00:00,221.05113,224.00000000000003
2023-12-28 20:00:00,211.98076,214.0
2023-12-28 21:00:00,199.1575,198.0
2023-12-28 22:00:00,183.79669,159.99999999999997
2023-12-28 23:00:00,161.87549,161.0
2023-12-29 00:00:00,161.73807,161.0
2023-12-29 01:00:00,159.52162,162.0
2023-12-29 02:00:00,159.43881,162.0
2023-12-29 03:00:00,158.28569,163.0
2023-12-29 04:00:00,157.74309,164.0
2023-12-29 05:00:00,157.528,165.0
2023-12-29 06:00:00,157.78885,166.0
2023-12-29 07:00:00,158.43387,166.0
2023-12-29 08:00:00,158.94717,167.0
2023-12-29 09:00:00,160.4856,167.0
2023-12-29 10:00:00,161.86386,168.0
2023-12-29 11:00:00,164.1175,168.0
2023-12-29 12:00:00,166.3172,168.0
2023-12-29 13:00:00,169.21014,168.0
2023-12-29 14:00:00,172.84126,168.0
2023-12-29 15:00:00,177.5673,168.0
2023-12-29 16:00:00,183.85216,201.0
2023-12-29 17:00:00,203.49083,211.0
2023-12-29 18:00:00,204.90588,214.0
2023-12-29 19:00:00,201.59824,210.0
2023-12-29 20:00:00,191.63448,197.0
2023-12-29 21:00:00,178.36441,166.0
2023-12-29 22:00:00,161.35155,165.0
2023-12-29 23:00:00,161.51224,165.0
2023-12-30 00:00:00,160.15457,165.0
2023-12-30 01:00:00,160.47089,165.0
2023-12-30 02:00:00,160.455,164.0
2023-12-30 03:00:00,160.0135,163.0
2023-12-30 04:00:00,159.83337,163.0
2023-12-30 05:00:00,159.92342,162.0
2023-12-30 06:00:00,159.18147,159.99999999999997
2023-12-30 07:00:00,157.33353,159.99999999999997
2023-12-30 08:00:00,156.24596,159.0
2023-12-30 09:00:00,156.95004,158.0
2023-12-30 10:00:00,157.37866,158.0
2023-12-30 11:00:00,155.20067,157.0
2023-12-30 12:00:00,153.51556,156.0
2023-12-30 13:00:00,153.53416,155.0
2023-12-30 14:00:00,152.93643,155.0
2023-12-30 15:00:00,151.96585,154.0
2023-12-30 16:00:00,150.78107,153.0
2023-12-30 17:00:00,149.86119,152.0
2023-12-30 18:00:00,148.84566,152.0
2023-12-30 19:00:00,147.96822,151.0
2023-12-30 20:00:00,145.92322,150.0
2023-12-30 21:00:00,143.57486,145.0
2023-12-30 22:00:00,138.6194,141.0
2023-12-30 23:00:00,136.69643,137.0
2023-12-31 00:00:00,133.7673,133.0
2023-12-31 01:00:00,131.64926,131.0
2023-12-31 02:00:00,131.41426,131.0
2023-12-31 03:00:00,132.24179,132.0
2023-12-31 04:00:00,133.48668,133.0
2023-12-31 05:00:00,134.74791,135.0
2023-12-31 06:00:00,136.30542,136.0
2023-12-31 07:00:00,137.85667,137.0
2023-12-31 08:00:00,139.12598,139.0
2023-12-31 09:00:00,140.96988,140.0
2023-12-31 10:00:00,142.95216,141.0
2023-12-31 11:00:00,144.53583,143.0
2023-12-31 12:00:00,146.633,146.0
2023-12-31 13:00:00,149.28442,149.00000000000003
2023-12-31 14:00:00,151.68318,150.0
2023-12-31 15:00:00,153.06738,151.0
2023-12-31 16:00:00,154.44693,152.0
2023-12-31 17:00:00,155.71698,155.0
2023-12-31 18:00:00,157.57698,162.0
2023-12-31 19:00:00,159.70758,153.0
2023-12-31 20:00:00,154.25273,154.0
2023-12-31 21:00:00,155.4879,156.0
2023-12-31 22:00:00,156.55234,157.0
2023-12-31 23:00:00,158.07837,158.0
2024-01-01 00:00:00,159.82918,158.0
2024-01-01 01:00:00,160.549,159.0
2024-01-01 02:00:00,161.22958,159.99999999999997
2024-01-01 03:00:00,161.15846,159.99999999999997
2024-01-01 04:00:00,159.94142,159.99999999999997
2024-01-01 05:00:00,158.72232,161.0
2024-01-01 06:00:00,158.3338,161.0
2024-01-01 07:00:00,157.59158,161.0
2024-01-01 08:00:00,157.0579,161.0
2024-01-01 09:00:00,157.13087,161.0
2024-01-01 10:00:00,157.98096,162.0
2024-01-01 11:00:00,159.94655,162.0
2024-01-01 12:00:00,162.13689,161.0
2024-01-01 13:00:00,165.0152,161.0
2024-01-01 14:00:00,169.62776,161.0
2024-01-01 15:00:00,176.11893,165.0
2024-01-01 16:00:00,186.64691,203.0
2024-01-01 17:00:00,210.75172,217.0
2024-01-01 18:00:00,215.76633,223.0
2024-01-01 19:00:00,215.0974,220.0
2024-01-01 20:00:00,206.54543,213.00000000000003
2024-01-01 21:00:00,196.08743,202.0
2024-01-01 22:00:00,183.16315,170.99999999999997
2024-01-01 23:00:00,163.39636,159.99999999999997
2024-01-02 00:00:00,156.65407,159.99999999999997
2024-01-02 01:00:00,154.78255,159.99999999999997
2024-01-02 02:00:00,153.45692,159.0
2024-01-02 03:00:00,151.91418,158.0
2024-01-02 04:00:00,150.36594,157.0
2024-01-02 05:00:00,149.11215,157.0
2024-01-02 06:00:00,148.5939,156.0
2024-01-02 07:00:00,147.80095,155.0
2024-01-02 08:00:00,147.29222,154.0
2024-01-02 09:00:00,147.12538,153.0
2024-01-02 10:00:00,147.26154,152.0
2024-01-02 11:00:00,147.73155,152.0
2024-01-02 12:00:00,148.9249,151.0
2024-01-02 13:00:00,149.91708,151.0
2024-01-02 14:00:00,151.7466,151.0
2024-01-02 15:00:00,153.7823,151.0
2024-01-02 16:00:00,156.2257,151.0
2024-01-02 17:00:00,159.1768,163.0
2024-01-02 18:00:00,166.94618,178.0
2024-01-02 19:00:00,172.31715,179.0
2024-01-02 20:00:00,168.35373,165.0
2024-01-02 21:00:00,157.53055,152.0
2024-01-02 22:00:00,149.81865,152.0
2024-01-02 23:00:00,148.71523,151.0
2024-01-03 00:00:00,146.90642,151.0
2024-01-03 01:00:00,146.28825,149.00000000000003
2024-01-03 02:00:00,144.63293,146.0
2024-01-03 03:00:00,142.74951,144.0
2024-01-03 04:00:00,141.36234,143.0
2024-01-03 05:00:00,140.42213,142.0
2024-01-03 06:00:00,139.28397,143.0
2024-01-03 07:00:00,138.87276,143.0
2024-01-03 08:00:00,138.30861,140.0
2024-01-03 09:00:00,136.33888,138.0
2024-01-03 10:00:00,134.23859,138.0
2024-01-03 11:00:00,133.03792,136.0
2024-01-03 12:00:00,131.51384,135.0
2024-01-03 13:00:00,129.01651,132.0
2024-01-03 14:00:00,126.33876,129.0
2024-01-03 15:00:00,123.6111,126.0
2024-01-03 16:00:00,120.78882,122.0
2024-01-03 17:00:00,117.6865,119.0
2024-01-03 18:00:00,115.82771,116.0
2024-01-03 19:00:00,113.81879,115.0
2024-01-03 20:00:00,113.393,114.0
2024-01-03 21:00:00,112.28991,113.0
2024-01-03 22:00:00,111.70909,113.0
2024-01-03 23:00:00,111.50711,112.00000000000001
2024-01-04 00:00:00,110.83478,111.0
2024-01-04 01:00:00,110.80891,112.00000000000001
2024-01-04 02:00:00,111.71425,112.00000000000001
2024-01-04 03:00:00,111.81095,113.0
2024-01-04 04:00:00,112.25113,113.0
2024-01-04 05:00:00,112.78549,112.00000000000001
2024-01-04 06:00:00,112.53021,112.00000000000001
2024-01-04 07:00:00,113.49195,112.00000000000001
2024-01-04 08:00:00,115.54294,116.0
2024-01-04 09:00:00,118.78328,118.0
2024-01-04 10:00:00,119.3903,120.0
2024-01-04 11:00:00,121.749954,123.0
2024-01-04 12:00:00,124.07983,125.0
2024-01-04 13:00:00,125.50265,126.0
2024-01-04 14:00:00,126.59728,128.0
2024-01-04 15:00:00,128.17265,129.0
2024-01-04 16:00:00,129.57585,131.0
2024-01-04 17:00:00,130.5749,132.0
2024-01-04 18:00:00,131.75577,133.0
2024-01-04 19:00:00,132.02025,134.0
2024-01-04 20:00:00,132.25719,132.0
2024-01-04 21:00:00,131.36775,132.0
2024-01-04 22:00:00,132.88536,133.0
2024-01-04 23:00:00,133.90598,134.0
2024-01-05 00:00:00,135.12071,135.0
2024-01-05 01:00:00,136.5748,137.0
2024-01-05 02:00:00,138.34187,139.0
2024-01-05 03:00:00,140.1764,141.0
2024-01-05 04:00:00,141.90312,143.0
2024-01-05 05:00:00,143.4512,145.0
2024-01-05 06:00:00,144.68164,146.0
2024-01-05 07:00:00,144.91925,147.0
2024-01-05 08:00:00,144.76697,146.0
2024-01-05 09:00:00,143.82957,146.0
2024-01-05 10:00:00,144.2583,146.0
2024-01-05 11:00:00,142.96733,144.0
2024-01-05 12:00:00,141.06502,143.0
2024-01-05 13:00:00,141.33191,142.0
2024-01-05 14:00:00,140.94968,142.0
2024-01-05 15:00:00,140.42268,142.0
2024-01-05 16:00:00,141.84784,142.0
2024-01-05 17:00:00,141.62794,143.0
2024-01-05 18:00:00,141.76729,144.0
2024-01-05 19:00:00,142.17244,145.0
2024-01-05 20:00:00,142.19063,143.0
2024-01-05 21:00:00,140.61281,141.0
2024-01-05 22:00:00,138.82475,138.0
2024-01-05 23:00:00,136.43057,136.0
2024-01-06 00:00:00,134.52809,134.0
2024-01-06 01:00:00,132.65279,133.0
2024-01-06 02:00:00,131.05464,131.0
2024-01-06 03:00:00,128.76152,129.0
2024-01-06 04:00:00,126.5201,127.0
2024-01-06 05:00:00,124.45117,126.0
2024-01-06 06:00:00,123.16084,125.0
2024-01-06 07:00:00,122.23274,124.0
2024-01-06 08:00:00,121.725655,124.0
2024-01-06 09:00:00,122.0644,124.0
2024-01-06 10:00:00,123.035324,124.0
2024-01-06 11:00:00,125.04281,125.0
2024-01-06 12:00:00,128.65219,126.0
2024-01-06 13:00:00,133.60559,128.0
2024-01-06 14:00:00,140.70453,129.0
2024-01-06 15:00:00,149.2925,157.0
2024-01-06 16:00:00,169.22943,183.0
2024-01-06 17:00:00,181.24869,194.0
2024-01-06 18:00:00,181.27231,190.0
2024-01-06 19:00:00,171.0091,172.0
2024-01-06 20:00:00,156.59367,138.0
2024-01-06 21:00:00,139.23982,145.0
2024-01-06 22:00:00,143.87952,150.0
2024-01-06 23:00:00,146.03123,152.0
2024-01-07 00:00:00,149.18211,153.0
2024-01-07 01:00:00,151.83237,154.0
2024-01-07 02:00:00,154.03996,156.0
2024-01-07 03:00:00,156.63342,157.0
2024-01-07 04:00:00,158.14987,158.0
2024-01-07 05:00:00,158.72012,158.0
2024-01-07 06:00:00,157.75241,159.0
2024-01-07 07:00:00,157.00534,159.0
2024-01-07 08:00:00,156.38966,159.99999999999997
2024-01-07 09:00:00,156.5101,161.0
2024-01-07 10:00:00,157.17105,161.0
2024-01-07 11:00:00,158.20262,162.0
2024-01-07 12:00:00,159.97095,163.0
2024-01-07 13:00:00,162.1481,163.0
2024-01-07 14:00:00,164.46365,164.0
2024-01-07 15:00:00,167.68088,164.0
2024-01-07 16:00:00,170.71178,172.0
2024-01-07 17:00:00,177.00371,189.0
2024-01-07 18:00:00,184.00887,192.0
2024-01-07 19:00:00,180.73688,183.0
2024-01-07 20:00:00,171.58601,164.0
2024-01-07 21:00:00,160.90991,163.0
2024-01-07 22:00:00,160.39145,162.0
2024-01-07 23:00:00,158.82358,162.0
2024-01-08 00:00:00,158.94182,162.0
2024-01-08 01:00:00,158.90407,161.0
2024-01-08 02:00:00,158.54149,159.99999999999997
2024-01-08 03:00:00,158.29906,159.99999999999997
2024-01-08 04:00:00,158.3831,159.99999999999997
2024-01-08 05:00:00,158.54948,159.99999999999997
2024-01-08 06:00:00,158.68045,159.99999999999997
2024-01-08 07:00:00,158.56117,161.0
2024-01-08 08:00:00,158.76625,161.0
2024-01-08 09:00:00,158.87297,159.99999999999997
2024-01-08 10:00:00,158.4063,159.99999999999997
2024-01-08 11:00:00,157.1178,159.0
2024-01-08 12:00:00,157.42113,159.0
2024-01-08 13:00:00,156.8006,158.0
2024-01-08 14:00:00,156.0773,158.0
2024-01-08 15:00:00,156.21944,157.0
2024-01-08 16:00:00,155.09966,157.0
2024-01-08 17:00:00,155.618,157.0
2024-01-08 18:00:00,154.94554,156.0
2024-01-08 19:00:00,154.14743,156.0
2024-01-08 20:00:00,154.41248,155.0
2024-01-08 21:00:00,153.59387,155.0
2024-01-08 22:00:00,153.7811,155.0
2024-01-08 23:00:00,153.4839,154.0
2024-01-09 00:00:00,152.90709,154.0
2024-01-09 01:00:00,153.27184,154.0
2024-01-09 02:00:00,153.70451,155.0
2024-01-09 03:00:00,153.73318,155.0
2024-01-09 04:00:00,153.53015,155.0
2024-01-09 05:00:00,153.50558,155.0
2024-01-09 06:00:00,153.35611,155.0
2024-01-09 07:00:00,153.10683,155.0
2024-01-09 08:00:00,152.77025,154.0
2024-01-09 09:00:00,151.98917,154.0
2024-01-09 10:00:00,151.79492,153.0
2024-01-09 11:00:00,150.81607,152.0
2024-01-09 12:00:00,150.15744,152.0
2024-01-09 13:00:00,149.98715,151.0
2024-01-09 14:00:00,149.40242,151.0
2024-01-09 15:00:00,148.88751,151.0
2024-01-09 16:00:00,148.6074,150.0
2024-01-09 17:00:00,147.74876,150.0
2024-01-09 18:00:00,146.8613,149.00000000000003
2024-01-09 19:00:00,145.46468,146.0
2024-01-09 20:00:00,143.66776,146.0
2024-01-09 21:00:00,144.17152,146.0
2024-01-09 22:00:00,143.23332,145.0
2024-01-09 23:00:00,141.86467,144.0
2024-01-10 00:00:00,140.41537,143.0
2024-01-10 01:00:00,138.7524,140.0
2024-01-10 02:00:00,136.31856,138.0
2024-01-10 03:00:00,134.50002,135.0
2024-01-10 04:00:00,132.50244,133.0
2024-01-10 05:00:00,131.24557,132.0
2024-01-10 06:00:00,130.78311,131.0
2024-01-10 07:00:00,130.42717,131.0
2024-01-10 08:00:00,130.45956,131.0
2024-01-10 09:00:00,130.71278,131.0
2024-01-10 10:00:00,131.06168,131.0
2024-01-10 11:00:00,131.60419,132.0
2024-01-10 12:00:00,132.78368,133.0
2024-01-10 13:00:00,134.095,135.0
2024-01-10 14:00:00,135.5351,136.0
2024-01-10 15:00:00,136.24467,137.0
2024-01-10 16:00:00,137.21783,138.0
2024-01-10 17:00:00,138.04109,139.0
2024-01-10 18:00:00,138.69092,140.0
2024-01-10 19:00:00,139.18922,140.0
2024-01-10 20:00:00,139.15463,141.0
2024-01-10 21:00:00,139.63773,141.0
2024-01-10 22:00:00,139.14256,141.0
2024-01-10 23:00:00,138.54228,141.0
2024-01-11 00:00:00,137.73904,140.0
2024-01-11 01:00:00,136.53705,139.0
2024-01-11 02:00:00,134.69473,138.0
2024-01-11 03:00:00,132.51054,135.0
2024-01-11 04:00:00,129.41946,132.0
2024-01-11 05:00:00,126.24499,129.0
2024-01-11 06:00:00,123.13409,125.0
2024-01-11 07:00:00,119.78163,121.0
2024-01-11 08:00:00,116.91455,119.0
2024-01-11 09:00:00,115.12671,116.0
2024-01-11 10:00:00,112.81438,115.0
2024-01-11 11:00:00,112.000305,114.0
2024-01-11 12:00:00,110.572525,112.00000000000001
2024-01-11 13:00:00,108.848305,110.0
2024-01-11 14:00:00,107.57662,109.0
2024-01-11 15:00:00,106.924286,108.0
2024-01-11 16:00:00,106.496284,108.0
2024-01-11 17:00:00,105.94939,107.0
2024-01-11 18:00:00,105.32194,107.0
2024-01-11 19:00:00,105.34278,107.0
2024-01-11 20:00:00,105.25704,107.0
2024-01-11 21:00:00,104.72468,107.0
2024-01-11 22:00:00,103.99549,106.0
2024-01-11 23:00:00,102.78469,104.0
2024-01-12 00:00:00,101.308876,103.0
2024-01-12 01:00:00,100.336845,101.0
2024-01-12 02:00:00,98.907234,100.0
2024-01-12 03:00:00,98.40429,100.0
2024-01-12 04:00:00,98.156624,99.0
2024-01-12 05:00:00,97.522964,99.0
2024-01-12 06:00:00,97.58945,99.0
2024-01-12 07:00:00,97.69421,99.0
2024-01-12 08:00:00,97.92434,99.0
2024-01-12 09:00:00,98.146706,100.0
2024-01-12 10:00:00,98.81821,100.0
2024-01-12 11:00:00,99.06792,101.0
2024-01-12 12:00:00,99.65301,101.0
2024-01-12 13:00:00,99.839775,102.0
2024-01-12 14:00:00,100.229866,102.0
2024-01-12 15:00:00,100.17745,103.0
2024-01-12 16:00:00,100.21814,102.0
2024-01-12 17:00:00,98.82571,101.0
2024-01-12 18:00:00,97.99135,100.0
2024-01-12 19:00:00,96.9553,99.0
2024-01-12 20:00:00,95.779755,97.0
2024-01-12 21:00:00,94.31641,96.0
2024-01-12 22:00:00,93.608765,95.0
2024-01-12 23:00:00,92.95595,94.0
2024-01-13 00:00:00,92.50826,94.0
2024-01-13 01:00:00,92.53529,94.0
2024-01-13 02:00:00,93.0649,95.0
2024-01-13 03:00:00,93.506195,95.0
2024-01-13 04:00:00,93.8182,96.0
2024-01-13 05:00:00,94.918465,97.0
2024-01-13 06:00:00,95.56893,98.0
2024-01-13 07:00:00,96.1444,98.0
2024-01-13 08:00:00,96.27319,98.0
2024-01-13 09:00:00,96.673615,98.0
2024-01-13 10:00:00,97.11481,99.0
2024-01-13 11:00:00,97.93677,99.0
2024-01-13 12:00:00,98.07663,100.0
2024-01-13 13:00:00,99.0036,100.0
2024-01-13 14:00:00,98.98799,100.0
2024-01-13 15:00:00,99.246895,100.0
2024-01-13 16:00:00,100.021736,101.0
2024-01-13 17:00:00,101.07515,102.0
2024-01-13 18:00:00,101.552826,102.0
2024-01-13 19:00:00,101.53699,103.0
2024-01-13 20:00:00,103.07381,104.0
2024-01-13 21:00:00,103.00541,104.0
2024-01-13 22:00:00,102.387505,104.0
2024-01-13 23:00:00,102.0876,103.0
2024-01-14 00:00:00,102.38065,102.0
2024-01-14 01:00:00,99.84609,101.0
2024-01-14 02:00:00,99.33023,100.0
2024-01-14 03:00:00,98.88434,99.0
2024-01-14 04:00:00,98.70631,99.0
2024-01-14 05:00:00,99.142265,99.0
2024-01-14 06:00:00,99.15936,98.0
2024-01-14 07:00:00,98.016884,98.0
2024-01-14 08:00:00,97.25565,98.0
2024-01-14 09:00:00,97.24352,98.0
2024-01-14 10:00:00,97.313065,98.0
2024-01-14 11:00:00,97.572975,98.0
2024-01-14 12:00:00,98.147316,98.0
2024-01-14 13:00:00,99.07891,98.0
2024-01-14 14:00:00,100.72784,98.0
2024-01-14 15:00:00,103.624756,98.0
2024-01-14 16:00:00,107.85492,99.0
2024-01-14 17:00:00,114.24314,120.0
2024-01-14 18:00:00,129.09726,142.0
2024-01-14 19:00:00,138.7111,147.0
2024-01-14 20:00:00,137.27249,139.0
2024-01-14 21:00:00,129.8961,117.0
2024-01-14 22:00:00,122.446495,119.0
2024-01-14 23:00:00,128.40715,128.0
2024-01-15 00:00:00,135.27641,137.0
2024-01-15 01:00:00,142.93907,145.0
2024-01-15 02:00:00,149.17657,151.0
2024-01-15 03:00:00,153.40083,152.0
2024-01-15 04:00:00,154.97226,154.0
2024-01-15 05:00:00,156.49342,155.0
2024-01-15 06:00:00,156.85619,156.0
2024-01-15 07:00:00,156.95163,158.0
2024-01-15 08:00:00,157.55731,159.0
2024-01-15 09:00:00,159.09093,159.99999999999997
2024-01-15 10:00:00,160.27231,159.99999999999997
2024-01-15 11:00:00,160.71007,159.99999999999997
2024-01-15 12:00:00,159.07391,161.0
2024-01-15 13:00:00,158.05968,159.99999999999997
2024-01-15 14:00:00,159.16376,159.99999999999997
2024-01-15 15:00:00,159.4709,159.99999999999997
2024-01-15 16:00:00,158.42377,159.0
2024-01-15 17:00:00,156.97008,158.0
2024-01-15 18:00:00,156.04369,157.0
2024-01-15 19:00:00,154.84508,156.0
2024-01-15 20:00:00,153.89105,155.0
2024-01-15 21:00:00,153.11058,155.0
2024-01-15 22:00:00,152.33228,154.0
2024-01-15 23:00:00,150.45662,153.0
2024-01-16 00:00:00,149.03853,152.0
2024-01-16 01:00:00,147.27502,151.0
2024-01-16 02:00:00,144.61464,148.0
2024-01-16 03:00:00,140.44232,144.0
2024-01-16 04:00:00,136.50446,139.0
2024-01-16 05:00:00,132.18666,135.0
2024-01-16 06:00:00,128.70638,131.0
2024-01-16 07:00:00,124.83027,127.0
2024-01-16 08:00:00,120.7429,122.0
2024-01-16 09:00:00,117.19536,119.0
2024-01-16 10:00:00,115.197174,116.0
2024-01-16 11:00:00,112.529076,114.0
2024-01-16 12:00:00,110.5218,112.00000000000001
2024-01-16 13:00:00,108.98629,110.0
2024-01-16 14:00:00,107.545105,109.0
2024-01-16 15:00:00,106.15752,108.0
2024-01-16 16:00:00,105.18971,107.0
2024-01-16 17:00:00,104.1538,106.0
2024-01-16 18:00:00,102.84686,106.0
2024-01-16 19:00:00,101.71582,105.0
2024-01-16 20:00:00,99.67339,102.0
2024-01-16 21:00:00,96.64495,99.0
2024-01-16 22:00:00,93.85075,96.0
2024-01-16 23:00:00,90.99515,93.0
2024-01-17 00:00:00,88.01392,88.0
2024-01-17 01:00:00,84.56369,85.0
2024-01-17 02:00:00,82.76687,83.0
2024-01-17 03:00:00,81.30629,81.0
2024-01-17 04:00:00,80.150215,79.99999999999999
2024-01-17 05:00:00,79.51626,79.99999999999999
2024-01-17 06:00:00,79.40503,79.99999999999999
2024-01-17 07:00:00,79.581375,79.99999999999999
2024-01-17 08:00:00,79.808624,79.99999999999999
2024-01-17 09:00:00,79.936424,81.0
2024-01-17 10:00:00,80.46847,81.0
2024-01-17 11:00:00,80.671196,81.0
2024-01-17 12:00:00,80.87386,82.0
2024-01-17 13:00:00,81.36954,82.0
2024-01-17 14:00:00,81.381226,82.0
2024-01-17 15:00:00,81.31296,82.0
2024-01-17 16:00:00,81.13532,82.0
2024-01-17 17:00:00,80.95692,82.0
2024-01-17 18:00:00,80.699356,81.0
2024-01-17 19:00:00,80.01966,81.0
2024-01-17 20:00:00,79.738335,81.0
2024-01-17 21:00:00,79.21228,79.99999999999999
2024-01-17 22:00:00,78.27064,79.0
2024-01-17 23:00:00,77.45244,78.0
2024-01-18 00:00:00,76.66579,77.0
2024-01-18 01:00:00,76.01472,77.0
2024-01-18 02:00:00,75.83238,77.0
2024-01-18 03:00:00,75.51452,76.0
2024-01-18 04:00:00,74.87234,76.0
2024-01-18 05:00:00,74.784325,76.0
2024-01-18 06:00:00,74.55083,76.0
2024-01-18 07:00:00,74.323074,75.0
2024-01-18 08:00:00,73.653625,75.0
2024-01-18 09:00:00,73.41689,74.0
2024-01-18 10:00:00,72.9527,74.0
2024-01-18 11:00:00,72.79618,74.0
2024-01-18 12:00:00,72.592224,73.0
2024-01-18 13:00:00,72.07602,73.0
2024-01-18 14:00:00,72.11539,73.0
2024-01-18 15:00:00,72.14791,73.0
2024-01-18 16:00:00,72.23486,73.0
2024-01-18 17:00:00,72.38044,73.0
2024-01-18 18:00:00,72.61507,74.0
2024-01-18 19:00:00,73.23776,75.0
2024-01-18 20:00:00,73.64154,75.0
2024-01-18 21:00:00,73.54249,75.0
2024-01-18 22:00:00,73.40022,75.0
2024-01-18 23:00:00,73.147865,75.0
2024-01-19 00:00:00,72.74645,74.0
2024-01-19 01:00:00,71.882515,73.0
2024-01-19 02:00:00,71.10743,72.0
2024-01-19 03:00:00,70.37229,72.0
2024-01-19 04:00:00,70.071075,71.0
2024-01-19 05:00:00,69.28135,71.0
2024-01-19 06:00:00,68.97588,70.0
2024-01-19 07:00:00,68.335464,70.0
2024-01-19 08:00:00,68.08675,69.0
2024-01-19 09:00:00,67.53499,69.0
2024-01-19 10:00:00,67.52691,69.0
2024-01-19 11:00:00,67.47319,69.0
2024-01-19 12:00:00,67.49302,69.0
2024-01-19 13:00:00,67.530594,69.0
2024-01-19 14:00:00,67.62219,69.0
2024-01-19 15:00:00,67.75098,70.0
2024-01-19 16:00:00,68.23386,70.0
2024-01-19 17:00:00,68.1413,70.0
2024-01-19 18:00:00,67.93246,70.0
2024-01-19 19:00:00,67.61851,69.0
2024-01-19 20:00:00,66.979866,68.0
2024-01-19 21:00:00,66.46606,68.0
2024-01-19 22:00:00,66.29514,66.99999999999999
2024-01-19 23:00:00,65.47614,66.0
2024-01-20 00:00:00,65.14384,66.0
2024-01-20 01:00:00,65.32292,66.0
2024-01-20 02:00:00,65.565254,66.99999999999999
2024-01-20 03:00:00,65.95226,66.99999999999999
2024-01-20 04:00:00,65.91053,66.99999999999999
2024-01-20 05:00:00,65.902695,66.99999999999999
2024-01-20 06:00:00,66.20821,66.99999999999999
2024-01-20 07:00:00,66.55362,68.0
2024-01-20 08:00:00,66.97135,68.0
2024-01-20 09:00:00,67.04957,69.0
2024-01-20 10:00:00,67.691414,69.0
2024-01-20 11:00:00,67.5463,69.0
2024-01-20 12:00:00,67.57144,69.0
2024-01-20 13:00:00,67.49282,69.0
2024-01-20 14:00:00,67.3414,69.0
2024-01-20 15:00:00,67.147835,68.0
2024-01-20 16:00:00,66.54593,68.0
2024-01-20 17:00:00,66.38508,66.99999999999999
2024-01-20 18:00:00,65.80376,66.99999999999999
2024-01-20 19:00:00,65.6308,66.0
2024-01-20 20:00:00,65.17118,66.0
2024-01-20 21:00:00,65.195786,66.0
2024-01-20 22:00:00,65.19181,66.0
2024-01-20 23:00:00,65.25818,66.0
2024-01-21 00:00:00,65.347916,66.0
2024-01-21 01:00:00,65.504326,66.0
2024-01-21 02:00:00,65.7089,66.99999999999999
2024-01-21 03:00:00,66.23391,66.99999999999999
2024-01-21 04:00:00,66.20517,66.99999999999999
2024-01-21 05:00:00,66.3911,66.99999999999999
2024-01-21 06:00:00,66.565575,68.0
2024-01-21 07:00:00,67.10338,68.0
2024-01-21 08:00:00,67.00127,68.0
2024-01-21 09:00:00,66.77322,68.0
2024-01-21 10:00:00,66.70628,66.99999999999999
2024-01-21 11:00:00,66.276024,66.99999999999999
2024-01-21 12:00:00,66.30672,66.99999999999999
2024-01-21 13:00:00,66.25953,66.99999999999999
2024-01-21 14:00:00,66.26945,66.99999999999999
2024-01-21 15:00:00,66.27321,66.99999999999999
2024-01-21 16:00:00,66.28713,66.99999999999999
2024-01-21 17:00:00,66.30746,66.99999999999999
2024-01-21 18:00:00,66.327126,66.99999999999999
2024-01-21 19:00:00,66.34201,66.99999999999999
2024-01-21 20:00:00,66.345406,66.99999999999999
2024-01-21 21:00:00,66.327095,66.99999999999999
2024-01-21 22:00:00,66.28163,66.99999999999999
2024-01-21 23:00:00,66.19484,66.99999999999999
2024-01-22 00:00:00,66.039314,66.99999999999999
2024-01-22 01:00:00,65.80422,66.0
2024-01-22 02:00:00,65.17475,66.0
2024-01-22 03:00:00,65.02058,65.0
2024-01-22 04:00:00,64.32158,65.0
2024-01-22 05:00:00,64.14789,64.0
2024-01-22 06:00:00,63.491123,64.0
2024-01-22 07:00:00,63.29871,63.0
2024-01-22 08:00:00,62.712658,63.0
2024-01-22 09:00:00,62.48856,62.0
2024-01-22 10:00:00,62.072147,62.0
2024-01-22 11:00:00,61.915707,62.0
2024-01-22 12:00:00,61.824905,61.000000000000014
2024-01-22 13:00:00,61.45502,61.000000000000014
2024-01-22 14:00:00,61.56608,62.0
2024-01-22 15:00:00,61.906693,61.000000000000014
2024-01-22 16:00:00,61.422173,61.000000000000014
2024-01-22 17:00:00,61.690254,62.0
2024-01-22 18:00:00,62.066597,62.0
2024-01-22 19:00:00,62.055782,61.000000000000014
2024-01-22 20:00:00,61.793106,62.0
2024-01-22 21:00:00,62.305855,62.0
2024-01-22 22:00:00,62.369164,62.0
2024-01-22 23:00:00,62.50316,62.0
2024-01-23 00:00:00,62.60078,62.0
2024-01-23 01:00:00,62.717342,62.0
2024-01-23 02:00:00,62.861828,63.0
2024-01-23 03:00:00,63.40343,63.0
2024-01-23 04:00:00,63.5858,63.0
2024-01-23 05:00:00,63.725986,63.0
2024-01-23 06:00:00,63.840878,64.0
2024-01-23 07:00:00,64.34077,64.0
2024-01-23 08:00:00,64.468834,64.0
2024-01-23 09:00:00,64.572586,64.0
2024-01-23 10:00:00,64.64335,65.0
2024-01-23 11:00:00,65.04504,65.0
2024-01-23 12:00:00,64.907394,64.0
2024-01-23 13:00:00,64.480484,64.0
2024-01-23 14:00:00,64.548256,64.0
2024-01-23 15:00:00,64.53343,64.0
2024-01-23 16:00:00,64.591354,64.0
2024-01-23 17:00:00,64.67201,64.0
2024-01-23 18:00:00,64.78364,64.0
2024-01-23 19:00:00,64.9443,64.0
2024-01-23 20:00:00,65.180756,64.0
2024-01-23 21:00:00,65.497696,65.0
2024-01-23 22:00:00,66.23116,66.0
2024-01-23 23:00:00,66.855965,66.0
2024-01-24 00:00:00,67.0667,66.99999999999999
2024-01-24 01:00:00,67.62041,66.99999999999999
2024-01-24 02:00:00,67.8737,66.99999999999999
2024-01-24 03:00:00,68.11933,68.0
2024-01-24 04:00:00,68.70065,68.0
2024-01-24 05:00:00,68.82789,68.0
2024-01-24 06:00:00,69.05203,69.0
2024-01-24 07:00:00,69.598305,69.0
2024-01-24 08:00:00,69.65698,69.0
2024-01-24 09:00:00,69.83394,69.0
2024-01-24 10:00:00,70.02598,70.0
2024-01-24 11:00:00,70.604774,70.0
2024-01-24 12:00:00,70.70426,70.0
2024-01-24 13:00:00,70.907974,71.0
2024-01-24 14:00:00,71.44943,71.0
2024-01-24 15:00:00,71.56211,71.0
2024-01-24 16:00:00,71.75815,71.0
2024-01-24 17:00:00,71.97273,72.0
2024-01-24 18:00:00,72.67794,72.0
2024-01-24 19:00:00,73.07297,73.0
2024-01-24 20:00:00,73.44309,72.0
2024-01-24 21:00:00,73.36915,73.0
2024-01-24 22:00:00,74.78878,74.0
2024-01-24 23:00:00,75.72539,75.0
2024-01-25 00:00:00,76.82449,76.0
2024-01-25 01:00:00,77.96033,78.0
2024-01-25 02:00:00,79.48828,79.0
2024-01-25 03:00:00,80.67147,79.99999999999999
2024-01-25 04:00:00,81.81798,82.0
2024-01-25 05:00:00,83.30301,83.0
2024-01-25 06:00:00,84.34805,84.0
2024-01-25 07:00:00,85.27964,85.0
2024-01-25 08:00:00,86.09855,86.0
2024-01-25 09:00:00,86.90908,87.0
2024-01-25 10:00:00,87.646965,87.0
2024-01-25 11:00:00,88.00026,88.0
2024-01-25 12:00:00,88.86263,89.0
2024-01-25 13:00:00,89.43171,89.0
2024-01-25 14:00:00,89.674736,90.0
2024-01-25 15:00:00,90.59174,91.0
2024-01-25 16:00:00,91.06735,91.0
2024-01-25 17:00:00,91.09545,91.0
2024-01-25 18:00:00,91.21944,91.0
2024-01-25 19:00:00,91.77031,91.0
2024-01-25 20:00:00,92.50749,92.0
2024-01-25 21:00:00,93.59516,93.0
2024-01-25 22:00:00,95.20706,95.0
2024-01-25 23:00:00,97.21346,98.0
2024-01-26 00:00:00,99.44928,100.0
2024-01-26 01:00:00,100.748344,101.0
2024-01-26 02:00:00,101.85003,102.0
2024-01-26 03:00:00,103.035545,103.0
2024-01-26 04:00:00,104.26896,104.0
2024-01-26 05:00:00,105.697075,105.0
2024-01-26 06:00:00,107.240036,107.0
2024-01-26 07:00:00,109.02043,109.0
2024-01-26 08:00:00,110.81261,111.0
2024-01-26 09:00:00,112.46186,112.00000000000001
2024-01-26 10:00:00,113.54277,113.0
2024-01-26 11:00:00,114.72687,115.0
2024-01-26 12:00:00,116.17815,116.0
2024-01-26 13:00:00,116.83567,116.0
2024-01-26 14:00:00,117.17012,117.0
2024-01-26 15:00:00,117.97978,118.0
2024-01-26 16:00:00,118.46395,118.0
2024-01-26 17:00:00,118.42405,119.0
2024-01-26 18:00:00,118.672356,119.0
2024-01-26 19:00:00,118.30417,120.0
2024-01-26 20:00:00,117.99072,120.0
2024-01-26 21:00:00,116.332596,118.0
2024-01-26 22:00:00,113.40888,115.0
2024-01-26 23:00:00,110.08267,111.0
2024-01-27 00:00:00,107.231026,108.0
2024-01-27 01:00:00,104.70776,106.0
2024-01-27 02:00:00,102.546936,104.0
2024-01-27 03:00:00,100.45485,102.0
2024-01-27 04:00:00,98.56969,100.0
2024-01-27 05:00:00,96.81544,99.0
2024-01-27 06:00:00,95.450005,97.0
2024-01-27 07:00:00,93.56334,95.0
2024-01-27 08:00:00,92.08028,94.0
2024-01-27 09:00:00,91.03401,92.0
2024-01-27 10:00:00,89.53705,91.0
2024-01-27 11:00:00,88.76085,90.0
2024-01-27 12:00:00,88.05052,89.0
2024-01-27 13:00:00,87.50387,88.0
2024-01-27 14:00:00,87.032845,88.0
2024-01-27 15:00:00,87.18293,88.0
2024-01-27 16:00:00,87.64318,88.0
2024-01-27 17:00:00,87.899704,89.0
2024-01-27 18:00:00,88.57693,89.0
2024-01-27 19:00:00,88.88641,89.0
2024-01-27 20:00:00,89.44762,90.0
2024-01-27 21:00:00,90.36332,91.0
2024-01-27 22:00:00,90.962074,91.0
2024-01-27 23:00:00,91.10984,91.0
2024-01-28 00:00:00,91.40063,91.0
2024-01-28 01:00:00,91.686775,91.0
2024-01-28 02:00:00,92.07466,92.0
2024-01-28 03:00:00,92.9022,93.0
2024-01-28 04:00:00,93.535645,93.0
2024-01-28 05:00:00,93.66607,94.0
2024-01-28 06:00:00,94.01888,94.0
2024-01-28 07:00:00,93.883644,93.0
2024-01-28 08:00:00,93.426636,93.0
2024-01-28 09:00:00,93.41585,93.0
2024-01-28 10:00:00,93.32209,93.0
2024-01-28 11:00:00,93.28777,93.0
2024-01-28 12:00:00,93.23914,93.0
2024-01-28 13:00:00,93.179985,93.0
2024-01-28 14:00:00,93.12774,93.0
2024-01-28 15:00:00,93.100204,93.0
2024-01-28 16:00:00,93.09409,93.0
2024-01-28 17:00:00,93.12278,93.0
2024-01-28 18:00:00,93.19636,94.0
2024-01-28 19:00:00,93.62631,94.0
2024-01-28 20:00:00,93.425,94.0
2024-01-28 21:00:00,93.30541,94.0
2024-01-28 22:00:00,93.07856,94.0
2024-01-28 23:00:00,92.80901,94.0
2024-01-29 00:00:00,92.47982,93.0
2024-01-29 01:00:00,91.69914,93.0
2024-01-29 02:00:00,91.35101,92.0
2024-01-29 03:00:00,90.7685,92.0
2024-01-29 04:00:00,90.44264,92.0
2024-01-29 05:00:00,90.19585,91.0
2024-01-29 06:00:00,89.64641,91.0
2024-01-29 07:00:00,89.63826,92.0
2024-01-29 08:00:00,89.882706,92.0
2024-01-29 09:00:00,89.54131,91.0
2024-01-29 10:00:00,88.908806,91.0
2024-01-29 11:00:00,88.75892,91.0
2024-01-29 12:00:00,88.550766,90.0
2024-01-29 13:00:00,88.138885,91.0
2024-01-29 14:00:00,88.64376,90.0
2024-01-29 15:00:00,87.61002,90.0
2024-01-29 16:00:00,87.91623,89.0
2024-01-29 17:00:00,87.66661,89.0
2024-01-29 18:00:00,87.97512,89.0
2024-01-29 19:00:00,88.986885,90.0
2024-01-29 20:00:00,89.8998,91.0
2024-01-29 21:00:00,91.37102,92.0
2024-01-29 22:00:00,93.05371,94.0
2024-01-29 23:00:00,95.15419,96.0
2024-01-30 00:00:00,97.245125,98.0
2024-01-30 01:00:00,99.363434,99.0
2024-01-30 02:00:00,101.23184,101.0
2024-01-30 03:00:00,104.06489,104.0
2024-01-30 04:00:00,107.029976,106.0
2024-01-30 05:00:00,109.40025,109.0
2024-01-30 06:00:00,112.27128,111.0
2024-01-30 07:00:00,114.73917,114.0
2024-01-30 08:00:00,117.14817,115.0
2024-01-30 09:00:00,118.33805,117.0
2024-01-30 10:00:00,120.7002,119.0
2024-01-30 11:00:00,122.19322,120.0
2024-01-30 12:00:00,122.959854,121.0
2024-01-30 13:00:00,123.37271,121.0
2024-01-30 14:00:00,123.80416,121.0
2024-01-30 15:00:00,123.94909,122.0
2024-01-30 16:00:00,124.42842,122.0
2024-01-30 17:00:00,124.14407,123.0
2024-01-30 18:00:00,124.1192,123.0
2024-01-30 19:00:00,123.38617,123.0
2024-01-30 20:00:00,121.80084,122.0
2024-01-30 21:00:00,119.53924,120.0
2024-01-30 22:00:00,116.66739,116.0
2024-01-30 23:00:00,113.24517,114.0
2024-01-31 00:00:00,111.36544,111.0
2024-01-31 01:00:00,108.38895,110.0
2024-01-31 02:00:00,106.873146,108.0
2024-01-31 03:00:00,104.533226,106.0
2024-01-31 04:00:00,102.32449,104.0
2024-01-31 05:00:00,100.2318,102.0
2024-01-31 06:00:00,98.74493,100.0
2024-01-31 07:00:00,97.38044,99.0
2024-01-31 08:00:00,96.193245,98.0
2024-01-31 09:00:00,96.095695,98.0
2024-01-31 10:00:00,96.1258,99.0
2024-01-31 11:00:00,96.43899,98.0
2024-01-31 12:00:00,95.75471,98.0
2024-01-31 13:00:00,96.68774,99.0
2024-01-31 14:00:00,97.45254,99.0
2024-01-31 15:00:00,97.82047,100.0
2024-01-31 16:00:00,98.79261,100.0
2024-01-31 17:00:00,99.72986,101.0
2024-01-31 18:00:00,100.74363,101.0
2024-01-31 19:00:00,101.75828,101.0
2024-01-31 20:00:00,103.51744,102.0
2024-01-31 21:00:00,106.30794,105.0
2024-01-31 22:00:00,110.41909,110.0
2024-01-31 23:00:00,115.28668,115.0
2024-02-01 00:00:00,119.63872,119.0
2024-02-01 01:00:00,123.1289,122.0
2024-02-01 02:00:00,125.91518,124.0
2024-02-01 03:00:00,127.97695,126.0
2024-02-01 04:00:00,129.85562,127.0
2024-02-01 05:00:00,131.13733,128.0
2024-02-01 06:00:00,131.94542,129.0
2024-02-01 07:00:00,132.59222,129.0
2024-02-01 08:00:00,132.99953,130.0
2024-02-01 09:00:00,133.5188,130.0
2024-02-01 10:00:00,133.26588,130.0
2024-02-01 11:00:00,133.11522,130.0
2024-02-01 12:00:00,132.77493,130.0
2024-02-01 13:00:00,132.26076,130.0
2024-02-01 14:00:00,131.5346,129.0
2024-02-01 15:00:00,130.1954,128.0
2024-02-01 16:00:00,128.86458,127.0
2024-02-01 17:00:00,127.43541,126.0
2024-02-01 18:00:00,125.94363,125.0
2024-02-01 19:00:00,124.34392,124.0
2024-02-01 20:00:00,122.59583,123.0
2024-02-01 21:00:00,120.673386,121.0
2024-02-01 22:00:00,118.21972,120.0
2024-02-01 23:00:00,116.1795,118.0
2024-02-02 00:00:00,113.09562,115.0
2024-02-02 01:00:00,109.56512,112.00000000000001
2024-02-02 02:00:00,106.109474,108.0
2024-02-02 03:00:00,102.53609,105.0
2024-02-02 04:00:00,99.490135,102.0
2024-02-02 05:00:00,96.70862,99.0
2024-02-02 06:00:00,94.07705,97.0
2024-02-02 07:00:00,92.06576,95.0
2024-02-02 08:00:00,90.37968,93.0
2024-02-02 09:00:00,88.95952,92.0
2024-02-02 10:00:00,88.169266,92.0
2024-02-02 11:00:00,87.80228,91.0
2024-02-02 12:00:00,87.014595,91.0
2024-02-02 13:00:00,86.84055,90.0
2024-02-02 14:00:00,86.29723,90.0
2024-02-02 15:00:00,86.320946,90.0
2024-02-02 16:00:00,86.12082,89.0
2024-02-02 17:00:00,85.63064,89.0
2024-02-02 18:00:00,85.76052,88.0
2024-02-02 19:00:00,85.28258,87.0
2024-02-02 20:00:00,85.25542,87.0
2024-02-02 21:00:00,85.932495,87.0
2024-02-02 22:00:00,86.96729,88.0
2024-02-02 23:00:00,88.09805,89.0
2024-02-03 00:00:00,90.32737,92.0
2024-02-03 01:00:00,93.168655,95.0
2024-02-03 02:00:00,95.17733,96.0
2024-02-03 03:00:00,96.42805,98.0
2024-02-03 04:00:00,98.86841,99.0
2024-02-03 05:00:00,99.98255,101.0
2024-02-03 06:00:00,101.74651,102.0
2024-02-03 07:00:00,102.676865,103.0
2024-02-03 08:00:00,103.109924,103.0
2024-02-03 09:00:00,103.523796,103.0
2024-02-03 10:00:00,103.54964,103.0
2024-02-03 11:00:00,103.440285,103.0
2024-02-03 12:00:00,103.181076,102.0
2024-02-03 13:00:00,102.51545,102.0
2024-02-03 14:00:00,102.56768,102.0
2024-02-03 15:00:00,102.28997,102.0
2024-02-03 16:00:00,101.9243,102.0
2024-02-03 17:00:00,101.28093,102.0
2024-02-03 18:00:00,100.41988,101.0
2024-02-03 19:00:00,99.15033,100.0
2024-02-03 20:00:00,97.4818,99.0
2024-02-03 21:00:00,95.4999,97.0
2024-02-03 22:00:00,92.88842,94.0
2024-02-03 23:00:00,89.76665,90.0
2024-02-04 00:00:00,86.356804,87.0
2024-02-04 01:00:00,83.56001,83.0
2024-02-04 02:00:00,80.764244,81.0
2024-02-04 03:00:00,79.24029,79.99999999999999
2024-02-04 04:00:00,77.98225,79.0
2024-02-04 05:00:00,76.880936,78.0
2024-02-04 06:00:00,75.890526,77.0
2024-02-04 07:00:00,75.11464,76.0
2024-02-04 08:00:00,74.45351,76.0
2024-02-04 09:00:00,74.23595,76.0
2024-02-04 10:00:00,73.9566,75.0
2024-02-04 11:00:00,73.353806,75.0
2024-02-04 12:00:00,73.2635,74.0
2024-02-04 13:00:00,72.877884,74.0
2024-02-04 14:00:00,73.02362,74.0
2024-02-04 15:00:00,73.29198,74.0
2024-02-04 16:00:00,73.75494,74.0
2024-02-04 17:00:00,74.35663,75.0
2024-02-04 18:00:00,75.650024,76.0
2024-02-04 19:00:00,77.42424,78.0
2024-02-04 20:00:00,79.66676,81.0
2024-02-04 21:00:00,82.40052,84.0
2024-02-04 22:00:00,85.16289,87.0
2024-02-04 23:00:00,87.88904,89.0
2024-02-05 00:00:00,90.237686,92.0
2024-02-05 01:00:00,93.218475,94.0
2024-02-05 02:00:00,95.59539,97.0
2024-02-05 03:00:00,98.57146,99.0
2024-02-05 04:00:00,100.99986,102.0
2024-02-05 05:00:00,104.14603,105.0
2024-02-05 06:00:00,107.22821,108.0
2024-02-05 07:00:00,110.06632,111.0
2024-02-05 08:00:00,112.7388,114.0
2024-02-05 09:00:00,115.123184,116.0
2024-02-05 10:00:00,116.73637,117.0
2024-02-05 11:00:00,117.71914,118.0
2024-02-05 12:00:00,118.88646,119.0
2024-02-05 13:00:00,120.273605,121.0
2024-02-05 14:00:00,121.53716,122.0
2024-02-05 15:00:00,121.85271,123.0
2024-02-05 16:00:00,122.21716,123.0
2024-02-05 17:00:00,121.97908,123.0
2024-02-05 18:00:00,121.32646,123.0
2024-02-05 19:00:00,120.69817,122.0
2024-02-05 20:00:00,119.28214,121.0
2024-02-05 21:00:00,117.47151,118.0
2024-02-05 22:00:00,115.0464,117.0
2024-02-05 23:00:00,114.66596,116.0
2024-02-06 00:00:00,112.98221,115.0
2024-02-06 01:00:00,111.26019,114.0
2024-02-06 02:00:00,109.419716,112.00000000000001
2024-02-06 03:00:00,107.557884,110.0
2024-02-06 04:00:00,104.894875,108.0
2024-02-06 05:00:00,102.69539,105.0
2024-02-06 06:00:00,100.17612,103.0
2024-02-06 07:00:00,97.81779,100.0
2024-02-06 08:00:00,95.13013,96.0
2024-02-06 09:00:00,92.66003,95.0
2024-02-06 10:00:00,92.16416,94.0
2024-02-06 11:00:00,90.9128,93.0
2024-02-06 12:00:00,89.57852,92.0
2024-02-06 13:00:00,88.35309,91.0
2024-02-06 14:00:00,87.50006,89.0
2024-02-06 15:00:00,86.28721,89.0
2024-02-06 16:00:00,85.72682,87.0
2024-02-06 17:00:00,84.09114,86.0
2024-02-06 18:00:00,83.54265,86.0
2024-02-06 19:00:00,83.06582,85.0
2024-02-06 20:00:00,82.05938,84.0
2024-02-06 21:00:00,80.85704,83.0
2024-02-06 22:00:00,79.69023,81.0
2024-02-06 23:00:00,78.49417,79.99999999999999
2024-02-07 00:00:00,77.41259,78.0
2024-02-07 01:00:00,76.14992,77.0
2024-02-07 02:00:00,75.47027,76.0
2024-02-07 03:00:00,74.95118,75.0
2024-02-07 04:00:00,74.680534,75.0
2024-02-07 05:00:00,74.97487,76.0
2024-02-07 06:00:00,75.60533,76.0
2024-02-07 07:00:00,75.86711,77.0
2024-02-07 08:00:00,76.85291,78.0
2024-02-07 09:00:00,77.64284,79.0
2024-02-07 10:00:00,78.4275,79.99999999999999
2024-02-07 11:00:00,79.145096,79.99999999999999
2024-02-07 12:00:00,79.50474,81.0
2024-02-07 13:00:00,80.578545,82.0
2024-02-07 14:00:00,81.47408,83.0
2024-02-07 15:00:00,82.350296,84.0
2024-02-07 16:00:00,83.19021,85.0
2024-02-07 17:00:00,83.934586,86.0
2024-02-07 18:00:00,84.56835,86.0
2024-02-07 19:00:00,84.70975,86.0
2024-02-07 20:00:00,85.03364,86.0
2024-02-07 21:00:00,85.84394,87.0
2024-02-07 22:00:00,86.8012,88.0
2024-02-07 23:00:00,87.96533,90.0
2024-02-08 00:00:00,89.38136,91.0
2024-02-08 01:00:00,89.993065,92.0
2024-02-08 02:00:00,90.88267,93.0
2024-02-08 03:00:00,91.68366,94.0
2024-02-08 04:00:00,92.40226,95.0
2024-02-08 05:00:00,93.13321,95.0
2024-02-08 06:00:00,93.4554,96.0
2024-02-08 07:00:00,94.322426,96.0
2024-02-08 08:00:00,94.80067,97.0
2024-02-08 09:00:00,95.74584,98.0
2024-02-08 10:00:00,96.41398,98.0
2024-02-08 11:00:00,96.69273,99.0
2024-02-08 12:00:00,97.49254,99.0
2024-02-08 13:00:00,97.49404,99.0
2024-02-08 14:00:00,97.72959,99.0
2024-02-08 15:00:00,97.98575,99.0
2024-02-08 16:00:00,98.42707,99.0
2024-02-08 17:00:00,99.07107,99.0
2024-02-08 18:00:00,100.05126,100.0
2024-02-08 19:00:00,101.8258,101.0
2024-02-08 20:00:00,103.959595,103.0
2024-02-08 21:00:00,107.00227,106.0
2024-02-08 22:00:00,110.68773,110.0
2024-02-08 23:00:00,115.1229,115.0
2024-02-09 00:00:00,119.83611,119.0
2024-02-09 01:00:00,122.584335,124.0
2024-02-09 02:00:00,126.8322,127.0
2024-02-09 03:00:00,130.32918,130.0
2024-02-09 04:00:00,130.90108,132.0
2024-02-09 05:00:00,132.83702,134.0
2024-02-09 06:00:00,134.63194,136.0
2024-02-09 07:00:00,136.33713,138.0
2024-02-09 08:00:00,138.16414,140.0
2024-02-09 09:00:00,139.92522,140.0
2024-02-09 10:00:00,140.41844,140.0
2024-02-09 11:00:00,140.84546,141.0
2024-02-09 12:00:00,142.1868,143.0
2024-02-09 13:00:00,145.55615,146.0
2024-02-09 14:00:00,150.82869,148.0
2024-02-09 15:00:00,158.08926,150.0
2024-02-09 16:00:00,168.49762,172.0
2024-02-09 17:00:00,187.96272,203.0
2024-02-09 18:00:00,202.85143,212.0
2024-02-09 19:00:00,201.18843,213.00000000000003
2024-02-09 20:00:00,191.48859,207.0
2024-02-09 21:00:00,177.20969,190.0
2024-02-09 22:00:00,162.77026,156.0
2024-02-09 23:00:00,145.7861,153.0
2024-02-10 00:00:00,148.01744,152.0
2024-02-10 01:00:00,146.73184,151.0
2024-02-10 02:00:00,146.89633,150.0
2024-02-10 03:00:00,145.80873,150.0
2024-02-10 04:00:00,144.74597,149.00000000000003
2024-02-10 05:00:00,143.04372,148.0
2024-02-10 06:00:00,142.48083,146.0
2024-02-10 07:00:00,141.97896,144.0
2024-02-10 08:00:00,141.6532,143.0
2024-02-10 09:00:00,141.33142,143.0
2024-02-10 10:00:00,141.39824,143.0
2024-02-10 11:00:00,140.50212,143.0
2024-02-10 12:00:00,139.0086,142.0
2024-02-10 13:00:00,137.9443,140.0
2024-02-10 14:00:00,136.16832,138.0
2024-02-10 15:00:00,133.06305,135.0
2024-02-10 16:00:00,129.14023,132.0
2024-02-10 17:00:00,125.69707,128.0
2024-02-10 18:00:00,122.79473,125.0
2024-02-10 19:00:00,119.05891,121.0
2024-02-10 20:00:00,116.0727,119.0
2024-02-10 21:00:00,114.13205,116.0
2024-02-10 22:00:00,110.82423,113.0
2024-02-10 23:00:00,109.001274,111.0
2024-02-11 00:00:00,107.72478,109.0
2024-02-11 01:00:00,106.74957,109.0
2024-02-11 02:00:00,107.27034,109.0
2024-02-11 03:00:00,107.196556,110.0
2024-02-11 04:00:00,107.725815,110.0
2024-02-11 05:00:00,107.68514,110.0
2024-02-11 06:00:00,107.7466,110.0
2024-02-11 07:00:00,107.62435,110.0
2024-02-11 08:00:00,107.34626,109.0
2024-02-11 09:00:00,106.476204,108.0
2024-02-11 10:00:00,105.48912,107.0
2024-02-11 11:00:00,104.79982,106.0
2024-02-11 12:00:00,104.20003,105.0
2024-02-11 13:00:00,103.60685,105.0
2024-02-11 14:00:00,103.519615,105.0
2024-02-11 15:00:00,103.46379,105.0
2024-02-11 16:00:00,103.51441,105.0
2024-02-11 17:00:00,103.70206,105.0
2024-02-11 18:00:00,104.0822,106.0
2024-02-11 19:00:00,104.93812,107.0
2024-02-11 20:00:00,105.73359,107.0
2024-02-11 21:00:00,106.34772,109.0
2024-02-11 22:00:00,108.42328,111.0
2024-02-11 23:00:00,110.02412,114.0
2024-02-12 00:00:00,111.401184,116.0
2024-02-12 01:00:00,111.80019,116.0
2024-02-12 02:00:00,110.94104,114.0
2024-02-12 03:00:00,109.48999,112.00000000000001
2024-02-12 04:00:00,108.2876,111.0
2024-02-12 05:00:00,107.96459,110.0
2024-02-12 06:00:00,107.46403,110.0
2024-02-12 07:00:00,107.059425,109.0
2024-02-12 08:00:00,106.866295,110.0
2024-02-12 09:00:00,107.66198,110.0
2024-02-12 10:00:00,107.38527,110.0
2024-02-12 11:00:00,107.3484,110.0
2024-02-12 12:00:00,107.238594,110.0
2024-02-12 13:00:00,107.287796,109.0
2024-02-12 14:00:00,107.03623,109.0
2024-02-12 15:00:00,107.11441,110.0
2024-02-12 16:00:00,107.70192,110.0
2024-02-12 17:00:00,107.82257,110.0
2024-02-12 18:00:00,108.01323,110.0
2024-02-12 19:00:00,108.19577,110.0
2024-02-12 20:00:00,108.404274,111.0
2024-02-12 21:00:00,108.97686,111.0
2024-02-12 22:00:00,108.977264,111.0
2024-02-12 23:00:00,109.02505,109.0
2024-02-13 00:00:00,108.479935,109.0
2024-02-13 01:00:00,109.605156,110.0
2024-02-13 02:00:00,111.12827,112.00000000000001
2024-02-13 03:00:00,113.13102,115.0
2024-02-13 04:00:00,115.43923,116.0
2024-02-13 05:00:00,116.8421,118.0
2024-02-13 06:00:00,118.95782,121.0
2024-02-13 07:00:00,121.396324,123.0
2024-02-13 08:00:00,123.413216,125.0
2024-02-13 09:00:00,125.24593,128.0
2024-02-13 10:00:00,127.38527,130.0
2024-02-13 11:00:00,129.05978,132.0
2024-02-13 12:00:00,130.20247,134.0
2024-02-13 13:00:00,131.03427,134.0
2024-02-13 14:00:00,130.75362,134.0
2024-02-13 15:00:00,130.79521,133.0
2024-02-13 16:00:00,130.48857,133.0
2024-02-13 17:00:00,130.93419,134.0
2024-02-13 18:00:00,131.57323,134.0
2024-02-13 19:00:00,130.87018,134.0
2024-02-13 20:00:00,130.71533,133.0
2024-02-13 21:00:00,130.53282,133.0
2024-02-13 22:00:00,130.80472,134.0
2024-02-13 23:00:00,131.67566,134.0
2024-02-14 00:00:00,130.69218,134.0
2024-02-14 01:00:00,130.8596,134.0
2024-02-14 02:00:00,130.48944,133.0
2024-02-14 03:00:00,129.48308,133.0
2024-02-14 04:00:00,129.91428,133.0
2024-02-14 05:00:00,129.17482,132.0
2024-02-14 06:00:00,128.13283,131.0
2024-02-14 07:00:00,128.07162,129.0
2024-02-14 08:00:00,126.488235,128.0
2024-02-14 09:00:00,125.49629,126.0
2024-02-14 10:00:00,127.36033,126.0
2024-02-14 11:00:00,125.64941,127.0
2024-02-14 12:00:00,127.19625,128.0
2024-02-14 13:00:00,128.88925,129.0
2024-02-14 14:00:00,130.81169,130.0
2024-02-14 15:00:00,133.60846,131.0
2024-02-14 16:00:00,138.14882,134.0
2024-02-14 17:00:00,144.82265,162.0
2024-02-14 18:00:00,160.14426,173.0
2024-02-14 19:00:00,158.38133,170.0
2024-02-14 20:00:00,149.35536,151.0
2024-02-14 21:00:00,137.00848,135.0
2024-02-14 22:00:00,128.3103,134.0
2024-02-14 23:00:00,127.70479,133.0
2024-02-15 00:00:00,126.93674,132.0
2024-02-15 01:00:00,127.449615,132.0
2024-02-15 02:00:00,128.56473,131.0
2024-02-15 03:00:00,129.23874,131.0
2024-02-15 04:00:00,130.18713,131.0
2024-02-15 05:00:00,130.72644,131.0
2024-02-15 06:00:00,130.69682,132.0
2024-02-15 07:00:00,130.63673,133.0
2024-02-15 08:00:00,131.11687,135.0
2024-02-15 09:00:00,132.09691,136.0
2024-02-15 10:00:00,132.90094,136.0
2024-02-15 11:00:00,133.86067,136.0
2024-02-15 12:00:00,135.14345,136.0
2024-02-15 13:00:00,136.9676,138.0
2024-02-15 14:00:00,140.25026,140.0
2024-02-15 15:00:00,143.75772,141.0
2024-02-15 16:00:00,147.17776,143.0
2024-02-15 17:00:00,151.3562,165.0
2024-02-15 18:00:00,162.5752,170.99999999999997
2024-02-15 19:00:00,161.99155,163.0
2024-02-15 20:00:00,155.0491,146.0
2024-02-15 21:00:00,146.20349,147.0
2024-02-15 22:00:00,146.8252,149.00000000000003
2024-02-15 23:00:00,146.95784,150.0
2024-02-16 00:00:00,147.46738,151.0
2024-02-16 01:00:00,147.86557,152.0
2024-02-16 02:00:00,148.2803,153.0
2024-02-16 03:00:00,148.83817,154.0
2024-02-16 04:00:00,149.4928,154.0
2024-02-16 05:00:00,149.8081,154.0
2024-02-16 06:00:00,150.19498,154.0
2024-02-16 07:00:00,150.54477,154.0
2024-02-16 08:00:00,150.81578,154.0
2024-02-16 09:00:00,150.89676,154.0
2024-02-16 10:00:00,150.70636,154.0
2024-02-16 11:00:00,150.32753,154.0
2024-02-16 12:00:00,150.13118,154.0
2024-02-16 13:00:00,150.18872,153.0
2024-02-16 14:00:00,149.79103,152.0
2024-02-16 15:00:00,148.207,152.0
2024-02-16 16:00:00,147.22075,151.0
2024-02-16 17:00:00,147.27823,150.0
2024-02-16 18:00:00,145.61722,149.00000000000003
2024-02-16 19:00:00,144.39146,147.0
2024-02-16 20:00:00,143.7377,148.0
2024-02-16 21:00:00,144.77191,148.0
2024-02-16 22:00:00,143.26666,149.00000000000003
2024-02-16 23:00:00,143.31776,148.0
2024-02-17 00:00:00,141.21423,146.0
2024-02-17 01:00:00,139.03633,144.0
2024-02-17 02:00:00,136.78915,140.0
2024-02-17 03:00:00,133.56635,137.0
2024-02-17 04:00:00,131.50674,134.0
2024-02-17 05:00:00,129.72148,132.0
2024-02-17 06:00:00,128.21822,131.0
2024-02-17 07:00:00,127.23896,130.0
2024-02-17 08:00:00,126.60491,130.0
2024-02-17 09:00:00,125.91812,129.0
2024-02-17 10:00:00,124.76311,128.0
2024-02-17 11:00:00,123.70792,127.0
2024-02-17 12:00:00,122.57587,125.0
2024-02-17 13:00:00,121.39605,124.0
2024-02-17 14:00:00,120.79821,124.0
2024-02-17 15:00:00,120.534485,123.0
2024-02-17 16:00:00,119.724884,123.0
2024-02-17 17:00:00,119.35813,123.0
2024-02-17 18:00:00,119.54503,123.0
2024-02-17 19:00:00,119.083244,124.0
2024-02-17 20:00:00,118.544136,122.0
2024-02-17 21:00:00,116.03958,121.0
2024-02-17 22:00:00,115.667595,119.0
2024-02-17 23:00:00,113.334724,117.0
2024-02-18 00:00:00,111.60394,115.0
2024-02-18 01:00:00,109.93442,113.0
2024-02-18 02:00:00,108.33078,111.0
2024-02-18 03:00:00,106.764824,109.0
2024-02-18 04:00:00,105.379944,108.0
2024-02-18 05:00:00,105.142815,107.0
2024-02-18 06:00:00,104.48703,106.0
2024-02-18 07:00:00,103.28221,107.0
2024-02-18 08:00:00,103.18105,104.0
2024-02-18 09:00:00,102.979965,103.0
2024-02-18 10:00:00,101.0674,102.0
2024-02-18 11:00:00,100.909195,102.0
2024-02-18 12:00:00,101.48916,103.0
2024-02-18 13:00:00,102.91696,104.0
2024-02-18 14:00:00,104.91013,104.0
2024-02-18 15:00:00,106.81177,104.0
2024-02-18 16:00:00,109.79124,105.0
2024-02-18 17:00:00,114.336716,126.0
2024-02-18 18:00:00,126.60565,140.0
2024-02-18 19:00:00,130.47273,137.0
2024-02-18 20:00:00,125.48219,122.0
2024-02-18 21:00:00,117.41504,111.0
2024-02-18 22:00:00,112.57464,113.0
2024-02-18 23:00:00,114.352325,116.0
2024-02-19 00:00:00,116.45884,119.0
2024-02-19 01:00:00,119.327324,123.0
2024-02-19 02:00:00,122.78266,128.0
2024-02-19 03:00:00,126.83227,133.0
2024-02-19 04:00:00,131.07028,138.0
2024-02-19 05:00:00,135.45602,142.0
2024-02-19 06:00:00,139.53697,147.0
2024-02-19 07:00:00,144.15726,150.0
2024-02-19 08:00:00,147.81526,151.0
2024-02-19 09:00:00,150.90097,153.0
2024-02-19 10:00:00,154.60248,154.0
2024-02-19 11:00:00,157.97577,155.0
2024-02-19 12:00:00,161.71884,156.0
2024-02-19 13:00:00,165.77296,156.0
2024-02-19 14:00:00,170.08939,157.0
2024-02-19 15:00:00,176.152,176.0
2024-02-19 16:00:00,190.32812,204.0
2024-02-19 17:00:00,204.21846,211.0
2024-02-19 18:00:00,203.98624,211.0
2024-02-19 19:00:00,199.04999,204.0
2024-02-19 20:00:00,189.1512,183.0
2024-02-19 21:00:00,174.11824,161.0
2024-02-19 22:00:00,162.18207,162.0
2024-02-19 23:00:00,162.24054,163.0
2024-02-20 00:00:00,161.74461,164.0
2024-02-20 01:00:00,161.89684,166.0
2024-02-20 02:00:00,161.977,167.0
2024-02-20 03:00:00,161.50772,169.0
2024-02-20 04:00:00,161.68826,170.0
2024-02-20 05:00:00,161.59464,172.0
2024-02-20 06:00:00,162.37178,173.0
2024-02-20 07:00:00,163.01973,174.0
2024-02-20 08:00:00,164.26071,175.0
2024-02-20 09:00:00,165.94656,176.0
2024-02-20 10:00:00,168.02167,175.0
2024-02-20 11:00:00,169.71892,175.0
2024-02-20 12:00:00,172.5589,175.0
2024-02-20 13:00:00,175.925,175.0
2024-02-20 14:00:00,180.1063,175.0
2024-02-20 15:00:00,185.33023,189.0
2024-02-20 16:00:00,196.76328,209.0
2024-02-20 17:00:00,207.25726,218.0
2024-02-20 18:00:00,208.9579,220.0
2024-02-20 19:00:00,204.93445,216.0
2024-02-20 20:00:00,196.22607,205.0
2024-02-20 21:00:00,184.61803,175.0
2024-02-20 22:00:00,167.32368,173.0
2024-02-20 23:00:00,165.8568,172.0
2024-02-21 00:00:00,163.50665,170.99999999999997
2024-02-21 01:00:00,162.54024,170.0
2024-02-21 02:00:00,161.32372,169.0
2024-02-21 03:00:00,160.13214,167.0
2024-02-21 04:00:00,158.74005,166.0
2024-02-21 05:00:00,158.02954,165.0
2024-02-21 06:00:00,157.43451,163.0
2024-02-21 07:00:00,156.59114,161.0
2024-02-21 08:00:00,155.903,159.99999999999997
2024-02-21 09:00:00,155.68703,159.0
2024-02-21 10:00:00,155.41075,158.0
2024-02-21 11:00:00,155.09422,158.0
2024-02-21 12:00:00,155.10226,159.0
2024-02-21 13:00:00,155.4083,159.0
2024-02-21 14:00:00,155.3686,159.0
2024-02-21 15:00:00,155.38712,159.0
2024-02-21 16:00:00,155.51604,159.0
2024-02-21 17:00:00,155.6841,159.0
2024-02-21 18:00:00,155.4477,159.0
2024-02-21 19:00:00,155.01291,159.0
2024-02-21 20:00:00,154.43994,159.0
2024-02-21 21:00:00,154.24785,158.0
2024-02-21 22:00:00,153.85818,158.0
2024-02-21 23:00:00,152.73592,157.0
2024-02-22 00:00:00,151.62547,156.0
2024-02-22 01:00:00,150.37453,155.0
2024-02-22 02:00:00,148.82506,153.0
2024-02-22 03:00:00,146.77135,152.0
2024-02-22 04:00:00,145.67558,151.0
2024-02-22 05:00:00,143.34862,149.00000000000003
2024-02-22 06:00:00,140.33925,145.0
2024-02-22 07:00:00,136.53796,141.0
2024-02-22 08:00:00,133.71724,138.0
2024-02-22 09:00:00,131.33379,136.0
2024-02-22 10:00:00,128.8469,133.0
2024-02-22 11:00:00,125.88705,131.0
2024-02-22 12:00:00,123.37489,128.0
2024-02-22 13:00:00,120.43081,125.0
2024-02-22 14:00:00,117.46843,122.0
2024-02-22 15:00:00,114.50057,119.0
2024-02-22 16:00:00,111.58824,116.0
2024-02-22 17:00:00,108.63167,113.0
2024-02-22 18:00:00,105.69296,109.0
2024-02-22 19:00:00,102.445114,105.0
2024-02-22 20:00:00,99.57399,102.0
2024-02-22 21:00:00,97.4493,99.0
2024-02-22 22:00:00,95.79706,98.0
2024-02-22 23:00:00,95.15079,97.0
2024-02-23 00:00:00,94.63381,97.0
2024-02-23 01:00:00,94.43393,97.0
2024-02-23 02:00:00,94.34656,97.0
2024-02-23 03:00:00,94.23153,96.0
2024-02-23 04:00:00,93.74949,96.0
2024-02-23 05:00:00,93.8114,96.0
2024-02-23 06:00:00,93.728905,96.0
2024-02-23 07:00:00,93.6764,95.0
2024-02-23 08:00:00,93.34676,96.0
2024-02-23 09:00:00,94.072495,96.0
2024-02-23 10:00:00,93.91958,96.0
2024-02-23 11:00:00,94.10027,96.0
2024-02-23 12:00:00,94.262856,96.0
2024-02-23 13:00:00,94.50684,97.0
2024-02-23 14:00:00,95.24325,97.0
2024-02-23 15:00:00,95.604454,98.0
2024-02-23 16:00:00,96.0741,98.0
2024-02-23 17:00:00,96.41576,98.0
2024-02-23 18:00:00,96.843956,98.0
2024-02-23 19:00:00,97.42041,99.0
2024-02-23 20:00:00,98.603294,99.0
2024-02-23 21:00:00,99.569336,100.0
2024-02-23 22:00:00,101.570694,102.0
2024-02-23 23:00:00,104.284706,105.0
2024-02-24 00:00:00,107.682724,109.0
2024-02-24 01:00:00,111.52874,113.0
2024-02-24 02:00:00,115.30772,117.0
2024-02-24 03:00:00,118.94239,120.0
2024-02-24 04:00:00,122.02007,123.0
2024-02-24 05:00:00,125.26321,126.0
2024-02-24 06:00:00,128.44405,130.0
2024-02-24 07:00:00,131.93855,133.0
2024-02-24 08:00:00,134.46129,136.0
2024-02-24 09:00:00,136.11946,137.0
2024-02-24 10:00:00,137.12563,138.0
2024-02-24 11:00:00,138.309,140.0
2024-02-24 12:00:00,139.50912,140.0
2024-02-24 13:00:00,138.85669,140.0
2024-02-24 14:00:00,138.99474,140.0
2024-02-24 15:00:00,139.2165,140.0
2024-02-24 16:00:00,139.44142,141.0
2024-02-24 17:00:00,139.47177,141.0
2024-02-24 18:00:00,139.4894,142.0
2024-02-24 19:00:00,139.39983,141.0
2024-02-24 20:00:00,137.94807,141.0
2024-02-24 21:00:00,137.41039,140.0
2024-02-24 22:00:00,135.95016,140.0
2024-02-24 23:00:00,134.14476,138.0
2024-02-25 00:00:00,130.9207,135.0
2024-02-25 01:00:00,127.38804,131.0
2024-02-25 02:00:00,123.24525,127.0
2024-02-25 03:00:00,119.16924,123.0
2024-02-25 04:00:00,115.170876,119.0
2024-02-25 05:00:00,111.23139,115.0
2024-02-25 06:00:00,107.44288,111.0
2024-02-25 07:00:00,103.837265,107.0
2024-02-25 08:00:00,100.49903,103.0
2024-02-25 09:00:00,97.61982,100.0
2024-02-25 10:00:00,95.698654,99.0
2024-02-25 11:00:00,94.74458,97.0
2024-02-25 12:00:00,93.001305,96.0
2024-02-25 13:00:00,92.39993,95.0
2024-02-25 14:00:00,92.26477,95.0
2024-02-25 15:00:00,92.01282,95.0
2024-02-25 16:00:00,92.040276,95.0
2024-02-25 17:00:00,92.121864,95.0
2024-02-25 18:00:00,92.268585,95.0
2024-02-25 19:00:00,92.35026,96.0
2024-02-25 20:00:00,92.700836,96.0
2024-02-25 21:00:00,92.213486,95.0
2024-02-25 22:00:00,91.28191,94.0
2024-02-25 23:00:00,90.310585,92.0
2024-02-26 00:00:00,89.09495,90.0
2024-02-26 01:00:00,88.38614,90.0
2024-02-26 02:00:00,88.76037,90.0
2024-02-26 03:00:00,89.05789,91.0
2024-02-26 04:00:00,89.88821,92.0
2024-02-26 05:00:00,90.83579,93.0
2024-02-26 06:00:00,91.85454,94.0
2024-02-26 07:00:00,93.009926,95.0
2024-02-26 08:00:00,94.307,96.0
2024-02-26 09:00:00,95.773186,98.0
2024-02-26 10:00:00,97.70394,100.0
2024-02-26 11:00:00,99.5544,102.0
2024-02-26 12:00:00,101.3968,103.0
2024-02-26 13:00:00,102.872475,105.0
2024-02-26 14:00:00,105.158936,107.0
2024-02-26 15:00:00,107.77959,110.0
2024-02-26 16:00:00,110.0952,111.0
2024-02-26 17:00:00,111.77153,113.0
2024-02-26 18:00:00,114.92503,115.0
2024-02-26 19:00:00,118.25509,118.0
2024-02-26 20:00:00,122.59771,123.0
2024-02-26 21:00:00,128.18033,129.0
2024-02-26 22:00:00,134.20476,135.0
2024-02-26 23:00:00,140.10735,142.0
2024-02-27 00:00:00,145.81252,148.0
2024-02-27 01:00:00,149.91357,151.0
2024-02-27 02:00:00,152.0476,153.0
2024-02-27 03:00:00,153.97618,155.0
2024-02-27 04:00:00,155.69434,156.0
2024-02-27 05:00:00,156.95396,158.0
2024-02-27 06:00:00,158.12843,159.0
2024-02-27 07:00:00,159.2673,161.0
2024-02-27 08:00:00,160.27414,161.0
2024-02-27 09:00:00,160.113,162.0
2024-02-27 10:00:00,161.32635,163.0
2024-02-27 11:00:00,161.78714,164.0
2024-02-27 12:00:00,162.22536,164.0
2024-02-27 13:00:00,162.0345,164.0
2024-02-27 14:00:00,161.73227,164.0
2024-02-27 15:00:00,161.35966,163.0
2024-02-27 16:00:00,160.8258,163.0
2024-02-27 17:00:00,160.53061,163.0
2024-02-27 18:00:00,160.03612,162.0
2024-02-27 19:00:00,158.9607,162.0
2024-02-27 20:00:00,158.03435,159.99999999999997
2024-02-27 21:00:00,155.83008,159.0
2024-02-27 22:00:00,154.07231,157.0
2024-02-27 23:00:00,151.83293,155.0
2024-02-28 00:00:00,148.87679,153.0
2024-02-28 01:00:00,145.4491,151.0
2024-02-28 02:00:00,141.28546,146.0
2024-02-28 03:00:00,135.1264,138.0
2024-02-28 04:00:00,128.28017,132.0
2024-02-28 05:00:00,123.22113,127.0
2024-02-28 06:00:00,118.29772,122.0
2024-02-28 07:00:00,113.86343,116.0
2024-02-28 08:00:00,109.33806,113.0
2024-02-28 09:00:00,106.1326,109.0
2024-02-28 10:00:00,103.066864,105.0
2024-02-28 11:00:00,100.29306,102.0
2024-02-28 12:00:00,98.467995,100.0
2024-02-28 13:00:00,97.53253,100.0
2024-02-28 14:00:00,97.711365,100.0
2024-02-28 15:00:00,97.616486,100.0
2024-02-28 16:00:00,97.41363,99.0
2024-02-28 17:00:00,97.06317,98.0
2024-02-28 18:00:00,97.17657,97.0
2024-02-28 19:00:00,97.66669,97.0
2024-02-28 20:00:00,99.21794,98.0
2024-02-28 21:00:00,101.96907,101.0
2024-02-28 22:00:00,106.39198,106.0
2024-02-28 23:00:00,112.01268,112.00000000000001
2024-02-29 00:00:00,118.1541,119.0
2024-02-29 01:00:00,124.93936,126.0
2024-02-29 02:00:00,131.49771,133.0
2024-02-29 03:00:00,137.1424,138.0
2024-02-29 04:00:00,141.56097,143.0
2024-02-29 05:00:00,145.8045,147.0
2024-02-29 06:00:00,148.513,150.0
2024-02-29 07:00:00,150.30643,151.0
2024-02-29 08:00:00,150.74393,152.0
2024-02-29 09:00:00,151.0498,152.0
2024-02-29 10:00:00,151.29341,153.0
2024-02-29 11:00:00,151.43787,153.0
2024-02-29 12:00:00,150.9588,153.0
2024-02-29 13:00:00,150.75845,153.0
2024-02-29 14:00:00,150.49239,153.0
2024-02-29 15:00:00,150.22696,153.0
2024-02-29 16:00:00,150.06184,153.0
2024-02-29 17:00:00,149.99883,153.0
2024-02-29 18:00:00,150.10304,153.0
2024-02-29 19:00:00,150.28992,154.0
2024-02-29 20:00:00,150.9018,154.0
2024-02-29 21:00:00,151.03625,155.0
2024-02-29 22:00:00,151.74025,155.0
2024-02-29 23:00:00,151.80188,155.0
2024-03-01 00:00:00,152.19174,156.0
2024-03-01 01:00:00,153.02437,156.0
2024-03-01 02:00:00,153.3287,157.0
2024-03-01 03:00:00,153.98854,157.0
2024-03-01 04:00:00,154.23521,157.0
2024-03-01 05:00:00,154.61383,158.0
2024-03-01 06:00:00,155.3415,158.0
2024-03-01 07:00:00,155.40543,158.0
2024-03-01 08:00:00,155.60822,158.0
2024-03-01 09:00:00,155.73036,158.0
2024-03-01 10:00:00,155.85542,158.0
2024-03-01 11:00:00,156.00525,158.0
2024-03-01 12:00:00,156.16911,158.0
2024-03-01 13:00:00,156.35573,158.0
2024-03-01 14:00:00,156.56493,158.0
2024-03-01 15:00:00,156.78883,158.0
2024-03-01 16:00:00,157.05435,159.0
2024-03-01 17:00:00,157.60522,159.0
2024-03-01 18:00:00,157.28992,159.0
2024-03-01 19:00:00,156.89116,159.0
2024-03-01 20:00:00,156.27881,158.0
2024-03-01 21:00:00,155.2163,157.0
2024-03-01 22:00:00,153.98534,156.0
2024-03-01 23:00:00,152.73372,155.0
2024-03-02 00:00:00,151.60837,154.0
2024-03-02 01:00:00,150.56711,153.0
2024-03-02 02:00:00,149.63959,152.0
2024-03-02 03:00:00,148.81033,152.0
2024-03-02 04:00:00,148.50424,151.0
2024-03-02 05:00:00,147.78511,151.0
2024-03-02 06:00:00,147.84715,151.0
2024-03-02 07:00:00,147.78302,151.0
2024-03-02 08:00:00,147.81847,151.0
2024-03-02 09:00:00,147.87233,151.0
2024-03-02 10:00:00,147.94347,151.0
2024-03-02 11:00:00,148.03102,151.0
2024-03-02 12:00:00,148.13826,151.0
2024-03-02 13:00:00,148.25447,151.0
2024-03-02 14:00:00,148.36539,151.0
2024-03-02 15:00:00,148.45695,151.0
2024-03-02 16:00:00,148.50616,151.0
2024-03-02 17:00:00,148.47282,151.0
2024-03-02 18:00:00,148.28842,151.0
2024-03-02 19:00:00,147.86191,151.0
2024-03-02 20:00:00,147.1097,150.0
2024-03-02 21:00:00,145.5097,149.00000000000003
2024-03-02 22:00:00,143.34973,146.0
2024-03-02 23:00:00,140.20628,143.0
2024-03-03 00:00:00,137.33261,140.0
2024-03-03 01:00:00,134.5076,137.0
2024-03-03 02:00:00,131.90002,134.0
2024-03-03 03:00:00,129.37602,132.0
2024-03-03 04:00:00,127.14311,130.0
2024-03-03 05:00:00,125.15249,127.0
2024-03-03 06:00:00,122.97947,126.0
2024-03-03 07:00:00,121.966866,124.0
2024-03-03 08:00:00,120.139084,122.0
2024-03-03 09:00:00,118.96239,121.0
2024-03-03 10:00:00,118.338356,121.0
2024-03-03 11:00:00,117.98459,120.0
2024-03-03 12:00:00,117.20146,119.0
2024-03-03 13:00:00,116.57536,119.0
2024-03-03 14:00:00,116.40822,118.0
2024-03-03 15:00:00,115.90258,118.0
2024-03-03 16:00:00,115.7315,117.0
2024-03-03 17:00:00,115.450066,117.0
2024-03-03 18:00:00,115.66437,117.0
2024-03-03 19:00:00,116.154434,117.0
2024-03-03 20:00:00,116.89237,119.0
2024-03-03 21:00:00,118.73056,121.0
2024-03-03 22:00:00,119.91611,123.0
2024-03-03 23:00:00,120.78372,125.0
2024-03-04 00:00:00,120.87516,124.0
2024-03-04 01:00:00,118.67256,122.0
2024-03-04 02:00:00,116.5421,119.0
2024-03-04 03:00:00,114.43728,117.0
2024-03-04 04:00:00,112.246185,115.0
2024-03-04 05:00:00,109.96594,112.00000000000001
2024-03-04 06:00:00,107.426575,110.0
2024-03-04 07:00:00,105.549706,107.0
2024-03-04 08:00:00,103.28418,105.0
2024-03-04 09:00:00,101.868614,104.0
2024-03-04 10:00:00,101.00351,103.0
2024-03-04 11:00:00,100.15618,102.0
2024-03-04 12:00:00,99.33311,102.0
2024-03-04 13:00:00,98.850525,101.0
2024-03-04 14:00:00,97.97693,100.0
2024-03-04 15:00:00,97.067116,99.0
2024-03-04 16:00:00,96.12261,98.0
2024-03-04 17:00:00,95.1889,97.0
2024-03-04 18:00:00,94.15866,96.0
2024-03-04 19:00:00,93.05866,94.0
2024-03-04 20:00:00,91.760605,94.0
2024-03-04 21:00:00,91.70555,93.0
2024-03-04 22:00:00,90.23286,92.0
2024-03-04 23:00:00,88.984344,90.0
2024-03-05 00:00:00,87.891304,89.0
2024-03-05 01:00:00,87.052444,88.0
2024-03-05 02:00:00,86.56723,88.0
2024-03-05 03:00:00,86.15414,87.0
2024-03-05 04:00:00,85.3848,87.0
2024-03-05 05:00:00,85.58876,87.0
2024-03-05 06:00:00,85.49441,87.0
2024-03-05 07:00:00,85.24093,87.0
2024-03-05 08:00:00,84.89622,86.0
2024-03-05 09:00:00,84.38751,86.0
2024-03-05 10:00:00,84.447365,85.0
2024-03-05 11:00:00,83.719635,85.0
2024-03-05 12:00:00,84.02658,85.0
2024-03-05 13:00:00,84.423706,86.0
2024-03-05 14:00:00,84.70904,86.0
2024-03-05 15:00:00,84.957115,87.0
2024-03-05 16:00:00,85.50744,87.0
2024-03-05 17:00:00,85.48457,87.0
2024-03-05 18:00:00,85.63195,88.0
2024-03-05 19:00:00,86.00667,88.0
2024-03-05 20:00:00,85.57186,87.0
2024-03-05 21:00:00,84.8066,86.0
2024-03-05 22:00:00,84.19481,85.0
2024-03-05 23:00:00,83.68181,85.0
2024-03-06 00:00:00,83.70751,85.0
2024-03-06 01:00:00,83.67115,85.0
2024-03-06 02:00:00,83.68461,85.0
2024-03-06 03:00:00,83.74293,85.0
2024-03-06 04:00:00,83.843155,85.0
2024-03-06 05:00:00,83.975464,86.0
2024-03-06 06:00:00,84.5078,86.0
2024-03-06 07:00:00,84.578835,86.0
2024-03-06 08:00:00,84.691055,87.0
2024-03-06 09:00:00,85.13598,87.0
2024-03-06 10:00:00,85.10149,87.0
2024-03-06 11:00:00,84.90752,87.0
2024-03-06 12:00:00,84.57986,87.0
2024-03-06 13:00:00,84.23614,86.0
2024-03-06 14:00:00,83.4185,85.0
2024-03-06 15:00:00,82.663765,84.0
2024-03-06 16:00:00,81.95842,83.0
2024-03-06 17:00:00,81.39456,83.0
2024-03-06 18:00:00,81.32867,83.0
2024-03-06 19:00:00,81.199936,83.0
2024-03-06 20:00:00,81.09213,83.0
2024-03-06 21:00:00,80.92943,82.0
2024-03-06 22:00:00,80.384514,82.0
2024-03-06 23:00:00,80.395386,82.0
2024-03-07 00:00:00,80.35675,82.0
2024-03-07 01:00:00,80.39289,82.0
2024-03-07 02:00:00,80.44478,82.0
2024-03-07 03:00:00,80.5195,82.0
2024-03-07 04:00:00,80.632835,82.0
2024-03-07 05:00:00,80.78921,83.0
2024-03-07 06:00:00,81.330345,83.0
2024-03-07 07:00:00,81.38465,83.0
2024-03-07 08:00:00,81.55051,84.0
2024-03-07 09:00:00,82.07251,84.0
2024-03-07 10:00:00,82.13584,85.0
2024-03-07 11:00:00,82.45563,85.0
2024-03-07 12:00:00,82.145744,84.0
2024-03-07 13:00:00,81.51805,84.0
2024-03-07 14:00:00,81.55613,84.0
2024-03-07 15:00:00,81.522415,84.0
2024-03-07 16:00:00,81.27577,84.0
2024-03-07 17:00:00,80.93546,84.0
2024-03-07 18:00:00,80.46964,83.0
2024-03-07 19:00:00,79.64519,82.0
2024-03-07 20:00:00,79.012054,82.0
2024-03-07 21:00:00,78.742134,82.0
2024-03-07 22:00:00,78.11983,81.0
2024-03-07 23:00:00,76.9534,79.99999999999999
2024-03-08 00:00:00,75.71155,78.0
2024-03-08 01:00:00,74.41923,77.0
2024-03-08 02:00:00,73.3996,75.0
2024-03-08 03:00:00,71.845146,74.0
2024-03-08 04:00:00,71.11583,73.0
2024-03-08 05:00:00,70.32438,72.0
2024-03-08 06:00:00,69.615555,72.0
2024-03-08 07:00:00,69.181564,71.0
2024-03-08 08:00:00,68.291985,70.0
2024-03-08 09:00:00,67.46025,69.0
2024-03-08 10:00:00,66.660095,68.0
2024-03-08 11:00:00,66.11944,66.99999999999999
2024-03-08 12:00:00,65.66846,66.99999999999999
2024-03-08 13:00:00,65.50357,66.99999999999999
2024-03-08 14:00:00,65.3141,66.99999999999999
2024-03-08 15:00:00,65.05613,66.0
2024-03-08 16:00:00,64.44117,66.0
2024-03-08 17:00:00,64.48858,66.0
2024-03-08 18:00:00,64.1861,66.0
2024-03-08 19:00:00,63.7551,65.0
2024-03-08 20:00:00,62.8257,63.0
2024-03-08 21:00:00,61.691444,62.0
2024-03-08 22:00:00,61.250458,61.000000000000014
2024-03-08 23:00:00,60.985596,61.000000000000014
2024-03-09 00:00:00,60.566334,59.99999999999999
2024-03-09 01:00:00,60.09007,59.99999999999999
2024-03-09 02:00:00,60.23237,59.99999999999999
2024-03-09 03:00:00,59.956223,59.00000000000001
2024-03-09 04:00:00,59.415215,59.00000000000001
2024-03-09 05:00:00,59.689266,59.00000000000001
2024-03-09 06:00:00,59.772263,59.00000000000001
2024-03-09 07:00:00,59.71088,59.00000000000001
2024-03-09 08:00:00,59.622772,57.99999999999999
2024-03-09 09:00:00,59.43194,57.99999999999999
2024-03-09 10:00:00,59.789932,57.99999999999999
2024-03-09 11:00:00,60.143806,57.99999999999999
2024-03-09 12:00:00,60.616352,59.00000000000001
2024-03-09 13:00:00,61.4471,59.00000000000001
2024-03-09 14:00:00,62.076057,59.99999999999999
2024-03-09 15:00:00,63.038292,59.99999999999999
2024-03-09 16:00:00,63.817913,59.99999999999999
2024-03-09 17:00:00,64.844536,61.000000000000014
2024-03-09 18:00:00,66.60074,62.0
2024-03-09 19:00:00,68.780334,63.0
2024-03-09 20:00:00,71.75071,68.0
2024-03-09 21:00:00,77.42927,74.0
2024-03-09 22:00:00,82.87925,81.0
2024-03-09 23:00:00,88.67675,88.0
2024-03-10 00:00:00,94.39041,94.0
2024-03-10 01:00:00,99.58729,99.0
2024-03-10 02:00:00,104.505135,105.0
2024-03-10 03:00:00,109.34982,109.0
2024-03-10 04:00:00,112.575356,113.0
2024-03-10 05:00:00,116.08892,116.0
2024-03-10 06:00:00,119.33059,119.0
2024-03-10 07:00:00,121.84043,122.0
2024-03-10 08:00:00,125.196815,125.0
2024-03-10 09:00:00,128.6079,130.0
2024-03-10 10:00:00,132.51265,133.0
2024-03-10 11:00:00,134.4365,136.0
2024-03-10 12:00:00,137.26665,139.0
2024-03-10 13:00:00,139.66924,141.0
2024-03-10 14:00:00,141.42912,143.0
2024-03-10 15:00:00,142.83101,145.0
2024-03-10 16:00:00,144.49359,147.0
2024-03-10 17:00:00,145.6916,148.0
2024-03-10 18:00:00,146.09427,150.0
2024-03-10 19:00:00,146.7755,151.0
2024-03-10 20:00:00,145.71391,150.0
2024-03-10 21:00:00,142.95334,147.0
2024-03-10 22:00:00,138.8901,142.0
2024-03-10 23:00:00,135.22827,137.0
2024-03-11 00:00:00,131.76234,134.0
2024-03-11 01:00:00,129.59857,131.0
2024-03-11 02:00:00,127.28759,129.0
2024-03-11 03:00:00,125.591965,128.0
2024-03-11 04:00:00,124.264145,126.0
2024-03-11 05:00:00,122.68094,125.0
2024-03-11 06:00:00,121.110985,123.0
2024-03-11 07:00:00,119.398575,121.0
2024-03-11 08:00:00,118.11968,121.0
2024-03-11 09:00:00,117.275215,119.0
2024-03-11 10:00:00,114.32808,116.0
2024-03-11 11:00:00,112.417816,114.0
2024-03-11 12:00:00,111.01292,112.00000000000001
2024-03-11 13:00:00,109.60742,111.0
2024-03-11 14:00:00,108.60398,110.0
2024-03-11 15:00:00,107.59658,109.0
2024-03-11 16:00:00,106.741135,109.0
2024-03-11 17:00:00,106.14953,108.0
2024-03-11 18:00:00,104.829956,107.0
2024-03-11 19:00:00,103.23137,105.0
2024-03-11 20:00:00,101.616554,102.0
2024-03-11 21:00:00,99.323494,100.0
2024-03-11 22:00:00,97.7817,99.0
2024-03-11 23:00:00,96.99828,98.0
2024-03-12 00:00:00,96.25137,97.0
2024-03-12 01:00:00,95.504654,95.0
2024-03-12 02:00:00,93.812126,93.0
2024-03-12 03:00:00,92.16294,92.0
2024-03-12 04:00:00,90.957016,91.0
2024-03-12 05:00:00,90.445786,90.0
2024-03-12 06:00:00,90.0586,90.0
2024-03-12 07:00:00,90.483,90.0
2024-03-12 08:00:00,91.12526,89.0
2024-03-12 09:00:00,90.628395,88.0
2024-03-12 10:00:00,89.53671,89.0
2024-03-12 11:00:00,89.37634,90.0
2024-03-12 12:00:00,90.778076,91.0
2024-03-12 13:00:00,92.6993,92.0
2024-03-12 14:00:00,95.10626,92.0
2024-03-12 15:00:00,97.08945,93.0
2024-03-12 16:00:00,100.15335,108.0
2024-03-12 17:00:00,108.04319,124.0
2024-03-12 18:00:00,110.95436,119.0
2024-03-12 19:00:00,103.028824,95.0
2024-03-12 20:00:00,91.90265,92.0
2024-03-12 21:00:00,90.50882,91.0
2024-03-12 22:00:00,88.54783,91.0
2024-03-12 23:00:00,88.467186,90.0
2024-03-13 00:00:00,87.99414,89.0
2024-03-13 01:00:00,87.58163,89.0
2024-03-13 02:00:00,87.75886,89.0
2024-03-13 03:00:00,88.00087,89.0
2024-03-13 04:00:00,88.392204,89.0
2024-03-13 05:00:00,88.79259,89.0
2024-03-13 06:00:00,89.17814,89.0
2024-03-13 07:00:00,89.478874,89.0
2024-03-13 08:00:00,89.63075,88.0
2024-03-13 09:00:00,89.2593,88.0
2024-03-13 10:00:00,89.26905,88.0
2024-03-13 11:00:00,89.10829,88.0
2024-03-13 12:00:00,88.92364,88.0
2024-03-13 13:00:00,88.99575,89.0
2024-03-13 14:00:00,90.06125,89.0
2024-03-13 15:00:00,91.07786,91.0
2024-03-13 16:00:00,91.01243,92.0
2024-03-13 17:00:00,91.94628,92.0
2024-03-13 18:00:00,92.77743,93.0
2024-03-13 19:00:00,93.31935,94.0
2024-03-13 20:00:00,94.622086,96.0
2024-03-13 21:00:00,96.05421,97.0
2024-03-13 22:00:00,96.08322,97.0
2024-03-13 23:00:00,96.405235,97.0
2024-03-14 00:00:00,96.946,98.0
2024-03-14 01:00:00,97.7703,98.0
2024-03-14 02:00:00,97.316574,98.0
2024-03-14 03:00:00,97.807274,98.0
2024-03-14 04:00:00,98.21694,99.0
2024-03-14 05:00:00,98.95905,100.0
2024-03-14 06:00:00,99.51228,101.0
2024-03-14 07:00:00,99.92809,102.0
2024-03-14 08:00:00,100.127426,102.0
2024-03-14 09:00:00,99.86254,102.0
2024-03-14 10:00:00,99.35139,102.0
2024-03-14 11:00:00,98.60943,101.0
2024-03-14 12:00:00,97.39675,99.0
2024-03-14 13:00:00,95.78408,98.0
2024-03-14 14:00:00,94.631004,97.0
2024-03-14 15:00:00,93.17092,95.0
2024-03-14 16:00:00,91.26737,93.0
2024-03-14 17:00:00,89.31789,91.0
2024-03-14 18:00:00,87.32719,89.0
2024-03-14 19:00:00,85.48065,87.0
2024-03-14 20:00:00,83.7372,85.0
2024-03-14 21:00:00,82.02609,83.0
2024-03-14 22:00:00,80.21501,82.0
2024-03-14 23:00:00,78.8237,79.99999999999999
2024-03-15 00:00:00,77.06478,78.0
2024-03-15 01:00:00,75.394936,77.0
2024-03-15 02:00:00,74.08787,75.0
2024-03-15 03:00:00,72.34371,73.0
2024-03-15 04:00:00,70.729485,72.0
2024-03-15 05:00:00,69.4838,70.0
2024-03-15 06:00:00,67.847694,68.0
2024-03-15 07:00:00,66.390495,66.99999999999999
2024-03-15 08:00:00,65.3418,66.0
2024-03-15 09:00:00,64.23597,64.0
2024-03-15 10:00:00,62.82245,63.0
2024-03-15 11:00:00,61.909332,62.0
2024-03-15 12:00:00,60.98276,61.000000000000014
2024-03-15 13:00:00,60.122097,59.99999999999999
2024-03-15 14:00:00,59.292603,59.00000000000001
2024-03-15 15:00:00,58.512722,57.99999999999999
2024-03-15 16:00:00,57.8089,57.00000000000001
2024-03-15 17:00:00,57.192352,57.00000000000001
2024-03-15 18:00:00,56.98269,56.00000000000001
2024-03-15 19:00:00,56.361134,56.00000000000001
2024-03-15 20:00:00,56.321335,55.0
2024-03-15 21:00:00,55.7891,55.0
2024-03-15 22:00:00,55.967606,55.0
2024-03-15 23:00:00,56.39728,56.00000000000001
2024-03-16 00:00:00,56.74932,56.00000000000001
2024-03-16 01:00:00,56.9988,57.00000000000001
2024-03-16 02:00:00,57.853592,57.99999999999999
2024-03-16 03:00:00,58.39838,59.00000000000001
2024-03-16 04:00:00,58.88454,59.00000000000001
2024-03-16 05:00:00,58.88578,59.00000000000001
2024-03-16 06:00:00,58.93678,59.00000000000001
2024-03-16 07:00:00,58.93752,59.00000000000001
2024-03-16 08:00:00,58.93057,59.00000000000001
2024-03-16 09:00:00,58.910934,59.00000000000001
2024-03-16 10:00:00,58.87897,59.00000000000001
2024-03-16 11:00:00,58.842297,59.00000000000001
2024-03-16 12:00:00,58.80422,59.00000000000001
2024-03-16 13:00:00,58.76714,59.00000000000001
2024-03-16 14:00:00,58.73209,59.00000000000001
2024-03-16 15:00:00,58.69884,59.00000000000001
2024-03-16 16:00:00,58.666447,59.00000000000001
2024-03-16 17:00:00,58.63241,59.00000000000001
2024-03-16 18:00:00,58.591934,57.99999999999999
2024-03-16 19:00:00,58.22243,59.00000000000001
2024-03-16 20:00:00,58.676792,59.00000000000001
2024-03-16 21:00:00,58.655502,59.00000000000001
2024-03-16 22:00:00,58.71329,59.00000000000001
2024-03-16 23:00:00,58.72435,59.00000000000001
2024-03-17 00:00:00,58.74192,59.00000000000001
2024-03-17 01:00:00,58.75982,59.00000000000001
2024-03-17 02:00:00,58.77371,59.00000000000001
2024-03-17 03:00:00,58.78227,59.00000000000001
2024-03-17 04:00:00,58.784748,59.00000000000001
2024-03-17 05:00:00,58.778614,59.00000000000001
2024-03-17 06:00:00,58.764034,59.00000000000001
2024-03-17 07:00:00,58.742775,59.00000000000001
2024-03-17 08:00:00,58.71469,59.00000000000001
2024-03-17 09:00:00,58.681477,59.00000000000001
2024-03-17 10:00:00,58.644817,59.00000000000001
2024-03-17 11:00:00,58.60716,59.00000000000001
2024-03-17 12:00:00,58.571175,59.00000000000001
2024-03-17 13:00:00,58.539196,59.00000000000001
2024-03-17 14:00:00,58.514637,59.00000000000001
2024-03-17 15:00:00,58.501682,59.00000000000001
2024-03-17 16:00:00,58.502598,59.00000000000001
2024-03-17 17:00:00,58.52001,59.00000000000001
2024-03-17 18:00:00,58.564945,59.00000000000001
2024-03-17 19:00:00,58.644173,59.00000000000001
2024-03-17 20:00:00,58.76402,59.00000000000001
2024-03-17 21:00:00,58.938614,59.99999999999999
2024-03-17 22:00:00,59.486847,59.99999999999999
2024-03-17 23:00:00,59.56419,59.99999999999999
2024-03-18 00:00:00,59.810112,61.000000000000014
2024-03-18 01:00:00,60.423103,61.000000000000014
2024-03-18 02:00:00,60.61809,62.0
2024-03-18 03:00:00,61.070488,62.0
2024-03-18 04:00:00,61.235893,62.0
2024-03-18 05:00:00,61.44327,63.0
2024-03-18 06:00:00,61.987705,63.0
2024-03-18 07:00:00,62.069653,63.0
2024-03-18 08:00:00,62.267586,64.0
2024-03-18 09:00:00,62.78807,64.0
2024-03-18 10:00:00,62.826794,64.0
2024-03-18 11:00:00,62.97609,64.0
2024-03-18 12:00:00,63.11462,65.0
2024-03-18 13:00:00,63.627674,65.0
2024-03-18 14:00:00,63.63522,65.0
2024-03-18 15:00:00,63.674873,65.0
2024-03-18 16:00:00,63.649914,65.0
2024-03-18 17:00:00,63.63622,65.0
2024-03-18 18:00:00,63.63897,65.0
2024-03-18 19:00:00,63.64974,65.0
2024-03-18 20:00:00,63.683113,65.0
2024-03-18 21:00:00,63.75159,65.0
2024-03-18 22:00:00,63.862988,65.0
2024-03-18 23:00:00,64.01875,65.0
2024-03-19 00:00:00,64.2453,66.0
2024-03-19 01:00:00,64.88584,66.0
2024-03-19 02:00:00,65.10595,66.99999999999999
2024-03-19 03:00:00,65.77403,66.99999999999999
2024-03-19 04:00:00,66.02853,68.0
2024-03-19 05:00:00,66.703964,68.0
2024-03-19 06:00:00,66.93334,69.0
2024-03-19 07:00:00,67.60931,69.0
2024-03-19 08:00:00,67.814255,70.0
2024-03-19 09:00:00,68.44939,70.0
2024-03-19 10:00:00,68.62625,71.0
2024-03-19 11:00:00,69.16045,71.0
2024-03-19 12:00:00,69.16557,71.0
2024-03-19 13:00:00,69.22993,71.0
2024-03-19 14:00:00,69.23186,71.0
2024-03-19 15:00:00,69.2317,71.0
2024-03-19 16:00:00,69.22388,71.0
2024-03-19 17:00:00,69.20538,71.0
2024-03-19 18:00:00,69.168434,71.0
2024-03-19 19:00:00,69.11567,71.0
2024-03-19 20:00:00,69.04221,71.0
2024-03-19 21:00:00,68.940186,71.0
2024-03-19 22:00:00,68.795654,70.0
2024-03-19 23:00:00,68.25859,70.0
2024-03-20 00:00:00,68.16488,70.0
2024-03-20 01:00:00,68.04053,69.0
2024-03-20 02:00:00,67.60333,69.0
2024-03-20 03:00:00,67.61388,69.0
2024-03-20 04:00:00,67.57613,69.0
2024-03-20 05:00:00,67.58549,69.0
2024-03-20 06:00:00,67.58143,69.0
2024-03-20 07:00:00,67.57271,68.0
2024-03-20 08:00:00,67.28028,68.0
2024-03-20 09:00:00,67.62496,69.0
2024-03-20 10:00:00,68.33522,69.0
2024-03-20 11:00:00,68.672424,70.0
2024-03-20 12:00:00,69.41152,71.0
2024-03-20 13:00:00,70.13009,71.0
2024-03-20 14:00:00,70.50018,72.0
2024-03-20 15:00:00,71.33678,73.0
2024-03-20 16:00:00,72.04177,73.0
2024-03-20 17:00:00,72.3684,74.0
2024-03-20 18:00:00,73.11674,74.0
2024-03-20 19:00:00,73.59737,75.0
2024-03-20 20:00:00,74.47593,76.0
2024-03-20 21:00:00,75.22779,77.0
2024-03-20 22:00:00,75.957184,78.0
2024-03-20 23:00:00,76.56317,78.0
2024-03-21 00:00:00,76.721245,78.0
2024-03-21 01:00:00,77.048065,79.0
2024-03-21 02:00:00,77.75433,79.0
2024-03-21 03:00:00,77.9596,79.99999999999999
2024-03-21 04:00:00,78.49816,79.99999999999999
2024-03-21 05:00:00,78.62357,79.99999999999999
2024-03-21 06:00:00,78.91174,81.0
2024-03-21 07:00:00,79.507614,81.0
2024-03-21 08:00:00,79.44872,81.0
2024-03-21 09:00:00,79.50184,81.0
2024-03-21 10:00:00,79.53127,81.0
2024-03-21 11:00:00,79.51737,79.99999999999999
2024-03-21 12:00:00,79.22851,79.99999999999999
2024-03-21 13:00:00,79.648186,79.99999999999999
2024-03-21 14:00:00,80.08262,79.99999999999999
2024-03-21 15:00:00,80.51741,81.0
2024-03-21 16:00:00,81.63543,82.0
2024-03-21 17:00:00,83.03889,84.0
2024-03-21 18:00:00,84.312004,85.0
2024-03-21 19:00:00,85.28572,86.0
2024-03-21 20:00:00,86.62593,88.0
2024-03-21 21:00:00,88.26748,89.0
2024-03-21 22:00:00,89.14505,90.0
2024-03-21 23:00:00,90.32277,91.0
2024-03-22 00:00:00,91.502235,92.0
2024-03-22 01:00:00,92.77385,94.0
2024-03-22 02:00:00,94.45248,95.0
2024-03-22 03:00:00,95.531746,97.0
2024-03-22 04:00:00,97.120605,98.0
2024-03-22 05:00:00,98.21987,99.0
2024-03-22 06:00:00,99.03111,100.0
2024-03-22 07:00:00,99.92365,100.0
2024-03-22 08:00:00,100.61191,101.0
2024-03-22 09:00:00,102.00132,103.0
2024-03-22 10:00:00,103.67073,105.0
2024-03-22 11:00:00,104.86777,106.0
2024-03-22 12:00:00,105.52226,107.0
2024-03-22 13:00:00,106.310265,107.0
2024-03-22 14:00:00,106.02242,106.0
2024-03-22 15:00:00,105.768326,106.0
2024-03-22 16:00:00,106.84005,106.0
2024-03-22 17:00:00,107.166664,107.0
2024-03-22 18:00:00,108.864555,107.0
2024-03-22 19:00:00,110.02796,109.0
2024-03-22 20:00:00,113.1619,111.0
2024-03-22 21:00:00,117.49086,116.0
2024-03-22 22:00:00,121.59973,122.0
2024-03-22 23:00:00,127.96712,128.0
2024-03-23 00:00:00,134.05884,133.0
2024-03-23 01:00:00,138.33583,137.0
2024-03-23 02:00:00,141.73793,141.0
2024-03-23 03:00:00,144.44514,145.0
2024-03-23 04:00:00,147.01556,149.00000000000003
2024-03-23 05:00:00,149.06035,151.0
2024-03-23 06:00:00,149.88281,152.0
2024-03-23 07:00:00,150.1502,153.0
2024-03-23 08:00:00,150.49944,154.0
2024-03-23 09:00:00,151.1224,155.0
2024-03-23 10:00:00,152.2004,156.0
2024-03-23 11:00:00,154.00134,156.0
2024-03-23 12:00:00,156.44933,157.0
2024-03-23 13:00:00,160.77374,158.0
2024-03-23 14:00:00,166.78513,158.0
2024-03-23 15:00:00,174.88976,164.0
2024-03-23 16:00:00,188.58618,205.0
2024-03-23 17:00:00,216.20424,223.0
2024-03-23 18:00:00,224.0438,232.0
2024-03-23 19:00:00,224.67787,232.0
2024-03-23 20:00:00,216.31757,221.0
2024-03-23 21:00:00,202.40472,207.0
2024-03-23 22:00:00,187.24142,175.0
2024-03-23 23:00:00,166.29384,164.0
2024-03-24 00:00:00,159.13124,164.0
2024-03-24 01:00:00,156.77365,165.0
2024-03-24 02:00:00,155.44458,165.0
2024-03-24 03:00:00,154.00938,165.0
2024-03-24 04:00:00,152.95107,165.0
2024-03-24 05:00:00,152.52892,165.0
2024-03-24 06:00:00,152.93274,165.0
2024-03-24 07:00:00,154.13191,165.0
2024-03-24 08:00:00,156.12956,165.0
2024-03-24 09:00:00,158.59401,164.0
2024-03-24 10:00:00,161.29597,165.0
2024-03-24 11:00:00,165.40623,165.0
2024-03-24 12:00:00,169.21169,165.0
2024-03-24 13:00:00,173.45493,165.0
2024-03-24 14:00:00,178.11784,166.0
2024-03-24 15:00:00,184.0959,178.0
2024-03-24 16:00:00,195.50919,208.0
2024-03-24 17:00:00,212.26001,219.0
2024-03-24 18:00:00,214.84924,223.0
2024-03-24 19:00:00,212.78711,220.0
2024-03-24 20:00:00,205.08939,210.0
2024-03-24 21:00:00,193.38243,194.0
2024-03-24 22:00:00,179.27101,162.0
2024-03-24 23:00:00,160.46269,159.99999999999997
2024-03-25 00:00:00,157.92616,159.0
2024-03-25 01:00:00,154.47687,157.0
2024-03-25 02:00:00,151.4014,156.0
2024-03-25 03:00:00,148.24951,155.0
2024-03-25 04:00:00,144.99147,154.0
2024-03-25 05:00:00,142.06122,153.0
2024-03-25 06:00:00,139.62737,152.0
2024-03-25 07:00:00,137.86507,151.0
2024-03-25 08:00:00,136.85599,148.0
2024-03-25 09:00:00,135.81036,146.0
2024-03-25 10:00:00,135.9335,143.0
2024-03-25 11:00:00,136.43512,141.0
2024-03-25 12:00:00,138.31442,139.0
2024-03-25 13:00:00,140.88895,136.0
2024-03-25 14:00:00,144.04994,135.0
2024-03-25 15:00:00,149.40666,134.0
2024-03-25 16:00:00,156.4723,166.0
2024-03-25 17:00:00,178.05473,191.0
2024-03-25 18:00:00,189.55443,200.0
2024-03-25 19:00:00,189.55615,194.0
2024-03-25 20:00:00,179.30751,172.0
2024-03-25 21:00:00,162.12413,143.0
2024-03-25 22:00:00,145.15742,132.0
2024-03-25 23:00:00,139.68663,135.0
2024-03-26 00:00:00,141.2719,139.0
2024-03-26 01:00:00,143.36569,143.0
2024-03-26 02:00:00,145.42183,148.0
2024-03-26 03:00:00,147.37456,151.0
2024-03-26 04:00:00,148.06743,152.0
2024-03-26 05:00:00,148.03012,153.0
2024-03-26 06:00:00,148.29015,155.0
2024-03-26 07:00:00,149.23071,156.0
2024-03-26 08:00:00,149.92593,157.0
2024-03-26 09:00:00,150.92784,158.0
2024-03-26 10:00:00,152.3579,158.0
2024-03-26 11:00:00,153.78908,159.0
2024-03-26 12:00:00,156.22737,159.0
2024-03-26 13:00:00,158.85207,159.99999999999997
2024-03-26 14:00:00,162.86375,159.99999999999997
2024-03-26 15:00:00,167.37903,159.99999999999997
2024-03-26 16:00:00,173.31844,184.0
2024-03-26 17:00:00,189.27824,203.0
2024-03-26 18:00:00,196.51118,207.0
2024-03-26 19:00:00,193.27173,203.0
2024-03-26 20:00:00,184.03036,183.0
2024-03-26 21:00:00,169.04982,162.0
2024-03-26 22:00:00,157.66081,161.0
2024-03-26 23:00:00,157.33856,161.0
2024-03-27 00:00:00,156.80716,161.0
2024-03-27 01:00:00,157.40945,161.0
2024-03-27 02:00:00,157.99194,161.0
2024-03-27 03:00:00,158.73299,161.0
2024-03-27 04:00:00,159.5361,161.0
2024-03-27 05:00:00,159.913,161.0
2024-03-27 06:00:00,159.53627,162.0
2024-03-27 07:00:00,159.08829,162.0
2024-03-27 08:00:00,159.54785,162.0
2024-03-27 09:00:00,160.59825,162.0
2024-03-27 10:00:00,161.65698,162.0
2024-03-27 11:00:00,161.4458,163.0
2024-03-27 12:00:00,160.19255,163.0
2024-03-27 13:00:00,160.72952,163.0
2024-03-27 14:00:00,161.06757,163.0
2024-03-27 15:00:00,161.76688,163.0
2024-03-27 16:00:00,162.73076,163.0
2024-03-27 17:00:00,163.61514,170.99999999999997
2024-03-27 18:00:00,167.24661,172.0
2024-03-27 19:00:00,165.21054,163.0
2024-03-27 20:00:00,159.59789,163.0
2024-03-27 21:00:00,160.43417,163.0
2024-03-27 22:00:00,159.595,163.0
2024-03-27 23:00:00,159.37231,162.0
2024-03-28 00:00:00,158.82036,162.0
2024-03-28 01:00:00,159.04036,162.0
2024-03-28 02:00:00,159.45433,161.0
2024-03-28 03:00:00,159.12971,159.99999999999997
2024-03-28 04:00:00,158.44565,159.0
2024-03-28 05:00:00,157.30302,158.0
2024-03-28 06:00:00,155.7383,157.0
2024-03-28 07:00:00,154.27112,156.0
2024-03-28 08:00:00,152.88266,156.0
2024-03-28 09:00:00,152.2954,156.0
2024-03-28 10:00:00,152.3037,155.0
2024-03-28 11:00:00,152.84248,155.0
2024-03-28 12:00:00,155.1143,155.0
2024-03-28 13:00:00,158.89343,155.0
2024-03-28 14:00:00,164.94466,155.0
2024-03-28 15:00:00,173.83392,175.0
2024-03-28 16:00:00,192.9368,207.0
2024-03-28 17:00:00,211.85611,220.0
2024-03-28 18:00:00,215.90173,225.0
2024-03-28 19:00:00,212.04279,221.0
2024-03-28 20:00:00,200.2384,208.0
2024-03-28 21:00:00,184.28453,182.0
2024-03-28 22:00:00,164.35672,155.0
2024-03-28 23:00:00,148.61812,155.0
2024-03-29 00:00:00,147.63202,155.0
2024-03-29 01:00:00,146.34831,154.0
2024-03-29 02:00:00,146.47853,154.0
2024-03-29 03:00:00,147.30048,154.0
2024-03-29 04:00:00,148.65273,154.0
2024-03-29 05:00:00,149.5874,153.0
2024-03-29 06:00:00,149.54768,153.0
2024-03-29 07:00:00,149.2251,153.0
2024-03-29 08:00:00,148.72777,153.0
2024-03-29 09:00:00,148.62521,152.0
2024-03-29 10:00:00,148.05937,152.0
2024-03-29 11:00:00,149.19102,152.0
2024-03-29 12:00:00,151.77023,152.0
2024-03-29 13:00:00,156.43759,151.0
2024-03-29 14:00:00,162.8869,151.0
2024-03-29 15:00:00,173.0412,174.0
2024-03-29 16:00:00,195.53206,207.0
2024-03-29 17:00:00,219.2118,220.0
2024-03-29 18:00:00,227.19395,227.0
2024-03-29 19:00:00,222.89296,225.0
2024-03-29 20:00:00,209.9091,215.0
2024-03-29 21:00:00,194.18086,200.0
2024-03-29 22:00:00,175.81142,158.0
2024-03-29 23:00:00,151.4168,153.0
2024-03-30 00:00:00,152.63844,155.0
2024-03-30 01:00:00,151.37685,157.0
2024-03-30 02:00:00,152.74603,158.0
2024-03-30 03:00:00,154.14717,159.99999999999997
2024-03-30 04:00:00,156.21915,161.0
2024-03-30 05:00:00,157.36365,163.0
2024-03-30 06:00:00,159.39781,164.0
2024-03-30 07:00:00,160.78276,165.0
2024-03-30 08:00:00,162.17963,166.0
2024-03-30 09:00:00,163.55983,167.0
2024-03-30 10:00:00,165.77301,168.0
2024-03-30 11:00:00,169.28041,169.0
2024-03-30 12:00:00,175.26666,169.0
2024-03-30 13:00:00,183.20946,184.0
2024-03-30 14:00:00,198.64642,191.0
2024-03-30 15:00:00,215.11162,214.0
2024-03-30 16:00:00,236.1551,237.0
2024-03-30 17:00:00,253.92094,255.0
2024-03-30 18:00:00,264.26343,264.0
2024-03-30 19:00:00,262.16055,262.0
2024-03-30 20:00:00,249.43738,250.0
2024-03-30 21:00:00,230.3926,233.0
2024-03-30 22:00:00,209.23322,212.0
2024-03-30 23:00:00,187.76869,174.0
2024-03-31 00:00:00,164.65819,169.0
2024-03-31 01:00:00,164.10587,167.0
2024-03-31 02:00:00,160.25745,166.0
2024-03-31 03:00:00,159.2182,164.0
2024-03-31 04:00:00,158.13344,163.0
2024-03-31 05:00:00,157.76244,161.0
2024-03-31 06:00:00,157.02553,159.99999999999997
2024-03-31 07:00:00,156.96303,159.0
2024-03-31 08:00:00,156.51254,158.0
2024-03-31 09:00:00,155.6466,156.0
2024-03-31 10:00:00,153.95154,156.0
2024-03-31 11:00:00,153.14716,155.0
2024-03-31 12:00:00,152.53769,155.0
2024-03-31 13:00:00,153.04532,155.0
2024-03-31 14:00:00,154.37955,154.0
2024-03-31 15:00:00,155.8954,153.0
2024-03-31 16:00:00,156.8501,153.0
2024-03-31 17:00:00,158.52794,170.0
2024-03-31 18:00:00,166.56558,175.0
2024-03-31 19:00:00,167.07187,168.0
2024-03-31 20:00:00,161.93193,153.0
2024-03-31 21:00:00,153.71577,153.0
2024-03-31 22:00:00,153.5285,154.0
2024-03-31 23:00:00,153.43672,156.0
2024-04-01 00:00:00,154.50743,159.0
2024-04-01 01:00:00,155.76555,161.0
2024-04-01 02:00:00,156.53474,163.0
2024-04-01 03:00:00,157.544,165.0
2024-04-01 04:00:00,158.77026,167.0
2024-04-01 05:00:00,160.26137,169.0
2024-04-01 06:00:00,161.9428,170.99999999999997
2024-04-01 07:00:00,163.94217,173.0
2024-04-01 08:00:00,166.36464,175.0
2024-04-01 09:00:00,169.03244,176.0
2024-04-01 10:00:00,171.65224,176.0
2024-04-01 11:00:00,174.52676,177.0
2024-04-01 12:00:00,178.71149,177.0
2024-04-01 13:00:00,183.52054,177.0
2024-04-01 14:00:00,190.12842,177.0
2024-04-01 15:00:00,199.18672,209.0
2024-04-01 16:00:00,222.54732,228.0
2024-04-01 17:00:00,233.59021,240.0
2024-04-01 18:00:00,238.89326,244.0
2024-04-01 19:00:00,235.99986,240.0
2024-04-01 20:00:00,227.02045,229.0
2024-04-01 21:00:00,214.0577,214.0
2024-04-01 22:00:00,199.08188,189.0
2024-04-01 23:00:00,181.07059,174.0
2024-04-02 00:00:00,170.47775,173.0
2024-04-02 01:00:00,166.65367,170.99999999999997
2024-04-02 02:00:00,162.36284,169.0
2024-04-02 03:00:00,158.67848,168.0
2024-04-02 04:00:00,155.59671,166.0
2024-04-02 05:00:00,152.7049,165.0
2024-04-02 06:00:00,151.21274,163.0
2024-04-02 07:00:00,150.18675,162.0
2024-04-02 08:00:00,150.54367,161.0
2024-04-02 09:00:00,151.71819,161.0
2024-04-02 10:00:00,154.24738,161.0
2024-04-02 11:00:00,157.43527,161.0
2024-04-02 12:00:00,161.37259,161.0
2024-04-02 13:00:00,166.07634,161.0
2024-04-02 14:00:00,171.77429,162.0
2024-04-02 15:00:00,179.28424,174.0
2024-04-02 16:00:00,192.53386,206.0
2024-04-02 17:00:00,211.78383,219.0
2024-04-02 18:00:00,216.43375,223.0
2024-04-02 19:00:00,214.57251,218.0
2024-04-02 20:00:00,205.74442,207.0
2024-04-02 21:00:00,194.07251,182.0
2024-04-02 22:00:00,177.60562,165.0
2024-04-02 23:00:00,168.4529,167.0
2024-04-03 00:00:00,168.83447,168.0
2024-04-03 01:00:00,168.35387,170.0
2024-04-03 02:00:00,168.71057,170.99999999999997
2024-04-03 03:00:00,168.07098,172.0
2024-04-03 04:00:00,167.51845,172.0
2024-04-03 05:00:00,166.71556,173.0
2024-04-03 06:00:00,166.74498,174.0
2024-04-03 07:00:00,166.95369,174.0
2024-04-03 08:00:00,167.04784,174.0
2024-04-03 09:00:00,167.4693,173.0
2024-04-03 10:00:00,167.69954,172.0
2024-04-03 11:00:00,168.40593,172.0
2024-04-03 12:00:00,169.86023,172.0
2024-04-03 13:00:00,171.47688,172.0
2024-04-03 14:00:00,173.26114,172.0
2024-04-03 15:00:00,175.13725,170.99999999999997
2024-04-03 16:00:00,176.78506,170.99999999999997
2024-04-03 17:00:00,179.35747,184.0
2024-04-03 18:00:00,186.94972,196.0
2024-04-03 19:00:00,190.40663,194.0
2024-04-03 20:00:00,185.26842,177.0
2024-04-03 21:00:00,174.07524,170.0
2024-04-03 22:00:00,169.13612,170.0
2024-04-03 23:00:00,167.40933,170.0
2024-04-04 00:00:00,166.1039,170.0
2024-04-04 01:00:00,165.00558,169.0
2024-04-04 02:00:00,163.64134,169.0
2024-04-04 03:00:00,163.10284,169.0
2024-04-04 04:00:00,162.70033,168.0
2024-04-04 05:00:00,162.07295,167.0
2024-04-04 06:00:00,161.84084,166.0
2024-04-04 07:00:00,161.848,165.0
2024-04-04 08:00:00,162.14783,165.0
2024-04-04 09:00:00,163.09123,165.0
2024-04-04 10:00:00,163.88321,165.0
2024-04-04 11:00:00,165.08281,165.0
2024-04-04 12:00:00,167.00142,165.0
2024-04-04 13:00:00,170.25598,170.99999999999997
2024-04-04 14:00:00,179.49388,170.0
2024-04-04 15:00:00,189.8884,191.0
2024-04-04 16:00:00,210.08585,216.0
2024-04-04 17:00:00,227.39368,231.0
2024-04-04 18:00:00,235.07591,238.0
2024-04-04 19:00:00,231.54654,237.0
2024-04-04 20:00:00,221.04779,228.0
2024-04-04 21:00:00,206.59433,212.0
2024-04-04 22:00:00,188.69057,182.0
2024-04-04 23:00:00,167.81976,159.99999999999997
2024-04-05 00:00:00,155.77605,159.99999999999997
2024-04-05 01:00:00,156.01154,159.99999999999997
2024-04-05 02:00:00,155.60999,159.99999999999997
2024-04-05 03:00:00,156.73477,159.99999999999997
2024-04-05 04:00:00,158.2803,159.99999999999997
2024-04-05 05:00:00,159.86423,161.0
2024-04-05 06:00:00,161.82866,163.0
2024-04-05 07:00:00,163.62358,165.0
2024-04-05 08:00:00,164.52417,166.0
2024-04-05 09:00:00,164.57349,168.0
2024-04-05 10:00:00,165.36264,169.0
2024-04-05 11:00:00,165.98062,169.0
2024-04-05 12:00:00,166.77399,169.0
2024-04-05 13:00:00,168.43352,168.0
2024-04-05 14:00:00,171.12666,168.0
2024-04-05 15:00:00,176.34418,168.0
2024-04-05 16:00:00,183.94727,200.0
2024-04-05 17:00:00,205.15576,214.0
2024-04-05 18:00:00,209.84515,219.0
2024-04-05 19:00:00,208.0668,216.0
2024-04-05 20:00:00,199.86119,206.0
2024-04-05 21:00:00,188.78447,185.0
2024-04-05 22:00:00,173.98672,169.0
2024-04-05 23:00:00,164.89958,169.0
2024-04-06 00:00:00,164.47502,168.0
2024-04-06 01:00:00,163.06264,168.0
2024-04-06 02:00:00,162.97815,167.0
2024-04-06 03:00:00,162.29385,167.0
2024-04-06 04:00:00,162.21786,166.0
2024-04-06 05:00:00,161.59033,165.0
2024-04-06 06:00:00,161.13902,164.0
2024-04-06 07:00:00,160.69093,163.0
2024-04-06 08:00:00,160.10553,162.0
2024-04-06 09:00:00,159.37712,159.99999999999997
2024-04-06 10:00:00,158.19269,159.99999999999997
2024-04-06 11:00:00,158.22815,159.99999999999997
2024-04-06 12:00:00,158.82959,159.99999999999997
2024-04-06 13:00:00,159.7891,159.99999999999997
2024-04-06 14:00:00,160.10406,161.0
2024-04-06 15:00:00,159.31427,161.0
2024-04-06 16:00:00,161.22533,162.0
2024-04-06 17:00:00,161.33325,162.0
2024-04-06 18:00:00,161.65712,163.0
2024-04-06 19:00:00,163.4298,164.0
2024-04-06 20:00:00,163.7301,165.0
2024-04-06 21:00:00,164.94589,166.0
2024-04-06 22:00:00,165.92809,168.0
2024-04-06 23:00:00,167.7933,169.0
2024-04-07 00:00:00,167.20825,169.0
2024-04-07 01:00:00,167.71654,170.0
2024-04-07 02:00:00,169.35706,170.0
2024-04-07 03:00:00,168.47685,170.99999999999997
2024-04-07 04:00:00,169.82892,170.99999999999997
2024-04-07 05:00:00,170.34558,172.0
2024-04-07 06:00:00,169.21346,172.0
2024-04-07 07:00:00,171.42839,172.0
2024-04-07 08:00:00,170.76237,172.0
2024-04-07 09:00:00,169.89153,170.99999999999997
2024-04-07 10:00:00,168.88725,170.99999999999997
2024-04-07 11:00:00,168.92076,170.99999999999997
2024-04-07 12:00:00,169.87598,170.99999999999997
2024-04-07 13:00:00,171.6758,170.99999999999997
2024-04-07 14:00:00,174.67117,170.99999999999997
2024-04-07 15:00:00,179.73619,170.99999999999997
2024-04-07 16:00:00,187.33958,196.0
2024-04-07 17:00:00,206.38654,216.0
2024-04-07 18:00:00,216.45226,227.0
2024-04-07 19:00:00,218.59056,229.0
2024-04-07 20:00:00,212.47128,223.0
2024-04-07 21:00:00,201.96094,210.0
2024-04-07 22:00:00,188.05849,181.0
2024-04-07 23:00:00,169.23366,168.0
2024-04-08 00:00:00,161.65976,168.0
2024-04-08 01:00:00,160.59354,168.0
2024-04-08 02:00:00,159.94125,169.0
2024-04-08 03:00:00,160.41249,169.0
2024-04-08 04:00:00,160.5266,169.0
2024-04-08 05:00:00,160.95995,170.0
2024-04-08 06:00:00,162.06012,170.0
2024-04-08 07:00:00,163.00569,170.0
2024-04-08 08:00:00,164.60086,170.99999999999997
2024-04-08 09:00:00,166.92686,170.99999999999997
2024-04-08 10:00:00,169.15456,172.0
2024-04-08 11:00:00,172.3424,173.0
2024-04-08 12:00:00,175.83969,173.0
2024-04-08 13:00:00,179.52121,173.0
2024-04-08 14:00:00,184.1739,173.0
2024-04-08 15:00:00,190.17766,173.0
2024-04-08 16:00:00,198.27336,207.0
2024-04-08 17:00:00,221.09735,224.00000000000003
2024-04-08 18:00:00,228.25018,232.0
2024-04-08 19:00:00,228.55075,231.0
2024-04-08 20:00:00,220.48161,219.0
2024-04-08 21:00:00,206.74771,203.0
2024-04-08 22:00:00,191.88164,173.0
2024-04-08 23:00:00,173.39285,173.0
2024-04-09 00:00:00,172.04898,172.0
2024-04-09 01:00:00,169.0508,172.0
2024-04-09 02:00:00,167.70027,172.0
2024-04-09 03:00:00,165.98074,172.0
2024-04-09 04:00:00,164.45813,172.0
2024-04-09 05:00:00,163.1843,172.0
2024-04-09 06:00:00,162.21214,172.0
2024-04-09 07:00:00,161.52455,172.0
2024-04-09 08:00:00,161.07042,172.0
2024-04-09 09:00:00,160.95769,170.99999999999997
2024-04-09 10:00:00,160.93567,170.0
2024-04-09 11:00:00,161.93163,170.0
2024-04-09 12:00:00,163.9804,169.0
2024-04-09 13:00:00,166.21703,169.0
2024-04-09 14:00:00,169.14554,169.0
2024-04-09 15:00:00,172.43448,169.0
2024-04-09 16:00:00,176.23955,174.0
2024-04-09 17:00:00,182.52283,202.0
2024-04-09 18:00:00,196.55006,209.0
2024-04-09 19:00:00,196.17491,207.0
2024-04-09 20:00:00,190.6109,195.0
2024-04-09 21:00:00,178.40823,166.0
2024-04-09 22:00:00,161.06502,165.0
2024-04-09 23:00:00,158.79468,163.0
2024-04-10 00:00:00,155.19633,162.0
2024-04-10 01:00:00,152.96199,159.99999999999997
2024-04-10 02:00:00,149.95784,159.0
2024-04-10 03:00:00,147.67937,157.0
2024-04-10 04:00:00,145.31828,156.0
2024-04-10 05:00:00,144.06236,155.0
2024-04-10 06:00:00,143.26404,154.0
2024-04-10 07:00:00,143.01378,153.0
2024-04-10 08:00:00,143.41602,153.0
2024-04-10 09:00:00,144.84319,153.0
2024-04-10 10:00:00,146.73515,153.0
2024-04-10 11:00:00,149.13335,152.0
2024-04-10 12:00:00,151.7727,152.0
2024-04-10 13:00:00,155.9575,152.0
2024-04-10 14:00:00,161.03368,151.0
2024-04-10 15:00:00,166.83073,151.0
2024-04-10 16:00:00,175.12903,170.0
2024-04-10 17:00:00,192.84596,204.0
2024-04-10 18:00:00,212.66336,215.0
2024-04-10 19:00:00,215.29936,218.0
2024-04-10 20:00:00,211.13322,210.0
2024-04-10 21:00:00,198.51248,194.0
2024-04-10 22:00:00,182.36186,155.0
2024-04-10 23:00:00,158.48228,153.0
2024-04-11 00:00:00,155.72319,153.0
2024-04-11 01:00:00,152.42775,152.0
2024-04-11 02:00:00,150.25195,152.0
2024-04-11 03:00:00,148.1717,152.0
2024-04-11 04:00:00,146.27484,152.0
2024-04-11 05:00:00,144.89085,151.0
2024-04-11 06:00:00,143.66063,151.0
2024-04-11 07:00:00,143.43153,151.0
2024-04-11 08:00:00,143.5812,151.0
2024-04-11 09:00:00,144.44978,151.0
2024-04-11 10:00:00,145.78874,151.0
2024-04-11 11:00:00,147.61789,151.0
2024-04-11 12:00:00,150.00243,152.0
2024-04-11 13:00:00,153.43996,152.0
2024-04-11 14:00:00,157.08682,152.0
2024-04-11 15:00:00,161.853,152.0
2024-04-11 16:00:00,168.15248,177.0
2024-04-11 17:00:00,185.30629,201.0
2024-04-11 18:00:00,195.55998,205.0
2024-04-11 19:00:00,192.49069,202.0
2024-04-11 20:00:00,183.79723,184.0
2024-04-11 21:00:00,168.15672,153.0
2024-04-11 22:00:00,151.79015,152.0
2024-04-11 23:00:00,152.08267,153.0
2024-04-12 00:00:00,151.86893,155.0
2024-04-12 01:00:00,153.73651,156.0
2024-04-12 02:00:00,154.93517,158.0
2024-04-12 03:00:00,156.64706,159.0
2024-04-12 04:00:00,157.8682,161.0
2024-04-12 05:00:00,159.70891,162.0
2024-04-12 06:00:00,160.85594,163.0
2024-04-12 07:00:00,161.85999,164.0
2024-04-12 08:00:00,162.43523,163.0
2024-04-12 09:00:00,161.67838,163.0
2024-04-12 10:00:00,160.88289,163.0
2024-04-12 11:00:00,160.07315,163.0
2024-04-12 12:00:00,160.85387,162.0
2024-04-12 13:00:00,162.15251,162.0
2024-04-12 14:00:00,160.29501,161.0
2024-04-12 15:00:00,159.78143,161.0
2024-04-12 16:00:00,160.59683,161.0
2024-04-12 17:00:00,159.42896,161.0
2024-04-12 18:00:00,159.44884,161.0
2024-04-12 19:00:00,159.75589,161.0
2024-04-12 20:00:00,158.20132,159.99999999999997
2024-04-12 21:00:00,157.1742,159.0
2024-04-12 22:00:00,156.08797,157.0
2024-04-12 23:00:00,154.04292,156.0
2024-04-13 00:00:00,153.67058,154.0
2024-04-13 01:00:00,151.3705,153.0
2024-04-13 02:00:00,150.37187,151.0
2024-04-13 03:00:00,148.17902,150.0
2024-04-13 04:00:00,146.78516,147.0
2024-04-13 05:00:00,143.43849,143.0
2024-04-13 06:00:00,140.61879,140.0
2024-04-13 07:00:00,138.81694,136.0
2024-04-13 08:00:00,137.5554,138.0
2024-04-13 09:00:00,140.8482,138.0
2024-04-13 10:00:00,141.46852,140.0
2024-04-13 11:00:00,142.55457,141.0
2024-04-13 12:00:00,148.52824,142.0
2024-04-13 13:00:00,152.02379,143.0
2024-04-13 14:00:00,158.88608,157.0
2024-04-13 15:00:00,176.5203,168.0
2024-04-13 16:00:00,196.50777,208.0
2024-04-13 17:00:00,224.34537,225.0
2024-04-13 18:00:00,226.94214,236.0
2024-04-13 19:00:00,226.05771,237.0
2024-04-13 20:00:00,216.5241,227.0
2024-04-13 21:00:00,201.35503,213.00000000000003
2024-04-13 22:00:00,184.30699,186.0
2024-04-13 23:00:00,164.35529,155.0
2024-04-14 00:00:00,148.21577,155.0
2024-04-14 01:00:00,149.00291,156.0
2024-04-14 02:00:00,148.86954,157.0
2024-04-14 03:00:00,150.29999,157.0
2024-04-14 04:00:00,151.04721,157.0
2024-04-14 05:00:00,152.1129,157.0
2024-04-14 06:00:00,153.36339,157.0
2024-04-14 07:00:00,154.82375,158.0
2024-04-14 08:00:00,156.83473,158.0
2024-04-14 09:00:00,158.26413,158.0
2024-04-14 10:00:00,159.6721,158.0
2024-04-14 11:00:00,161.10976,159.0
2024-04-14 12:00:00,163.24437,159.0
2024-04-14 13:00:00,165.13806,159.0
2024-04-14 14:00:00,167.24565,159.0
2024-04-14 15:00:00,169.92426,159.0
2024-04-14 16:00:00,173.41716,182.0
2024-04-14 17:00:00,186.27148,194.0
2024-04-14 18:00:00,188.85379,190.0
2024-04-14 19:00:00,182.3426,170.99999999999997
2024-04-14 20:00:00,168.81558,156.0
2024-04-14 21:00:00,159.06747,156.0
2024-04-14 22:00:00,156.97148,155.0
2024-04-14 23:00:00,154.63524,155.0
2024-04-15 00:00:00,153.2273,155.0
2024-04-15 01:00:00,151.70454,155.0
2024-04-15 02:00:00,150.63857,156.0
2024-04-15 03:00:00,150.54042,156.0
2024-04-15 04:00:00,150.41626,157.0
2024-04-15 05:00:00,150.91104,157.0
2024-04-15 06:00:00,151.45528,158.0
2024-04-15 07:00:00,152.92303,158.0
2024-04-15 08:00:00,154.14262,158.0
2024-04-15 09:00:00,155.78868,158.0
2024-04-15 10:00:00,157.67613,158.0
2024-04-15 11:00:00,159.84926,158.0
2024-04-15 12:00:00,162.30879,158.0
2024-04-15 13:00:00,165.11682,158.0
2024-04-15 14:00:00,168.43015,158.0
2024-04-15 15:00:00,172.55371,158.0
2024-04-15 16:00:00,178.0288,190.0
2024-04-15 17:00:00,197.03148,204.0
2024-04-15 18:00:00,200.88673,205.0
2024-04-15 19:00:00,197.00116,199.0
2024-04-15 20:00:00,187.3646,170.0
2024-04-15 21:00:00,167.88747,156.0
2024-04-15 22:00:00,158.908,155.0
2024-04-15 23:00:00,155.87576,155.0
2024-04-16 00:00:00,153.64531,154.0
2024-04-16 01:00:00,150.96574,153.0
2024-04-16 02:00:00,148.13445,152.0
2024-04-16 03:00:00,145.47801,151.0
2024-04-16 04:00:00,143.26482,151.0
2024-04-16 05:00:00,142.03082,151.0
2024-04-16 06:00:00,141.30936,150.0
2024-04-16 07:00:00,140.89247,150.0
2024-04-16 08:00:00,141.7446,150.0
2024-04-16 09:00:00,143.27724,150.0
2024-04-16 10:00:00,145.48436,150.0
2024-04-16 11:00:00,148.35956,149.00000000000003
2024-04-16 12:00:00,151.54982,148.0
2024-04-16 13:00:00,155.63055,148.0
2024-04-16 14:00:00,161.27547,148.0
2024-04-16 15:00:00,168.42465,167.0
2024-04-16 16:00:00,184.87944,201.0
2024-04-16 17:00:00,204.00104,210.0
2024-04-16 18:00:00,205.81801,212.0
2024-04-16 19:00:00,202.2521,206.0
2024-04-16 20:00:00,191.78177,184.0
2024-04-16 21:00:00,174.12657,152.0
2024-04-16 22:00:00,155.23326,153.0
2024-04-16 23:00:00,153.71724,153.0
2024-04-17 00:00:00,150.62125,153.0
2024-04-17 01:00:00,148.69283,153.0
2024-04-17 02:00:00,146.17921,153.0
2024-04-17 03:00:00,143.72726,152.0
2024-04-17 04:00:00,141.26495,152.0
2024-04-17 05:00:00,139.88916,151.0
2024-04-17 06:00:00,138.75078,151.0
2024-04-17 07:00:00,138.95877,150.0
2024-04-17 08:00:00,139.46603,149.00000000000003
2024-04-17 09:00:00,140.814,147.0
2024-04-17 10:00:00,142.74622,146.0
2024-04-17 11:00:00,146.36719,147.0
2024-04-17 12:00:00,151.95988,147.0
2024-04-17 13:00:00,158.42049,151.0
2024-04-17 14:00:00,168.34131,148.0
2024-04-17 15:00:00,177.38031,185.0
2024-04-17 16:00:00,205.59613,213.00000000000003
2024-04-17 17:00:00,222.12111,226.0
2024-04-17 18:00:00,228.0479,231.0
2024-04-17 19:00:00,225.69289,228.0
2024-04-17 20:00:00,216.43259,218.0
2024-04-17 21:00:00,202.73868,204.0
2024-04-17 22:00:00,186.4052,167.0
2024-04-17 23:00:00,161.30954,144.0
2024-04-18 00:00:00,147.49373,145.0
2024-04-18 01:00:00,145.43591,147.0
2024-04-18 02:00:00,144.08676,148.0
2024-04-18 03:00:00,142.94743,150.0
2024-04-18 04:00:00,142.20924,151.0
2024-04-18 05:00:00,141.40178,151.0
2024-04-18 06:00:00,141.02461,152.0
2024-04-18 07:00:00,141.80905,152.0
2024-04-18 08:00:00,142.96667,153.0
2024-04-18 09:00:00,145.47333,154.0
2024-04-18 10:00:00,148.67201,155.0
2024-04-18 11:00:00,152.61832,155.0
2024-04-18 12:00:00,156.89844,155.0
2024-04-18 13:00:00,162.2576,155.0
2024-04-18 14:00:00,169.04158,155.0
2024-04-18 15:00:00,178.09709,193.0
2024-04-18 16:00:00,203.81636,212.0
2024-04-18 17:00:00,213.351,221.0
2024-04-18 18:00:00,216.07182,222.0
2024-04-18 19:00:00,210.95917,217.0
2024-04-18 20:00:00,201.38979,205.0
2024-04-18 21:00:00,188.15202,176.0
2024-04-18 22:00:00,168.86101,158.0
2024-04-18 23:00:00,158.46584,158.0
2024-04-19 00:00:00,157.05542,158.0
2024-04-19 01:00:00,155.57135,158.0
2024-04-19 02:00:00,154.56198,158.0
2024-04-19 03:00:00,153.31354,158.0
2024-04-19 04:00:00,152.20726,158.0
2024-04-19 05:00:00,151.36768,157.0
2024-04-19 06:00:00,150.45975,157.0
2024-04-19 07:00:00,150.4026,157.0
2024-04-19 08:00:00,150.59514,157.0
2024-04-19 09:00:00,151.13765,157.0
2024-04-19 10:00:00,151.86836,156.0
2024-04-19 11:00:00,152.36848,156.0
2024-04-19 12:00:00,153.60046,156.0
2024-04-19 13:00:00,154.88184,157.0
2024-04-19 14:00:00,156.64082,157.0
2024-04-19 15:00:00,157.81169,157.0
2024-04-19 16:00:00,159.05725,158.0
2024-04-19 17:00:00,160.7181,172.0
2024-04-19 18:00:00,166.84831,170.99999999999997
2024-04-19 19:00:00,163.37865,157.0
2024-04-19 20:00:00,155.69196,157.0
2024-04-19 21:00:00,155.9177,157.0
2024-04-19 22:00:00,155.2742,157.0
2024-04-19 23:00:00,155.69029,157.0
2024-04-20 00:00:00,156.26573,158.0
2024-04-20 01:00:00,157.48587,158.0
2024-04-20 02:00:00,158.04526,159.0
2024-04-20 03:00:00,158.30171,159.99999999999997
2024-04-20 04:00:00,158.6568,161.0
2024-04-20 05:00:00,160.11699,161.0
2024-04-20 06:00:00,160.75905,162.0
2024-04-20 07:00:00,160.4003,162.0
2024-04-20 08:00:00,161.05243,162.0
2024-04-20 09:00:00,161.30045,163.0
2024-04-20 10:00:00,161.84193,163.0
2024-04-20 11:00:00,161.26442,163.0
2024-04-20 12:00:00,161.4839,163.0
2024-04-20 13:00:00,161.1657,162.0
2024-04-20 14:00:00,160.33206,162.0
2024-04-20 15:00:00,160.71568,162.0
2024-04-20 16:00:00,159.91612,161.0
2024-04-20 17:00:00,158.77531,159.99999999999997
2024-04-20 18:00:00,158.22607,159.99999999999997
2024-04-20 19:00:00,157.81781,159.0
2024-04-20 20:00:00,156.17589,158.0
2024-04-20 21:00:00,154.7275,156.0
2024-04-20 22:00:00,153.0828,155.0
2024-04-20 23:00:00,151.92163,154.0
2024-04-21 00:00:00,150.48982,153.0
2024-04-21 01:00:00,147.93425,151.0
2024-04-21 02:00:00,145.6445,149.00000000000003
2024-04-21 03:00:00,142.39305,144.0
2024-04-21 04:00:00,137.4758,140.0
2024-04-21 05:00:00,135.02768,136.0
2024-04-21 06:00:00,131.81221,133.0
2024-04-21 07:00:00,128.49174,130.0
2024-04-21 08:00:00,125.76856,126.0
2024-04-21 09:00:00,122.76148,123.0
2024-04-21 10:00:00,120.56332,121.0
2024-04-21 11:00:00,119.14791,119.0
2024-04-21 12:00:00,118.086365,119.0
2024-04-21 13:00:00,117.662964,118.0
2024-04-21 14:00:00,116.3055,116.0
2024-04-21 15:00:00,115.42158,115.0
2024-04-21 16:00:00,115.9417,115.0
2024-04-21 17:00:00,116.64429,116.0
2024-04-21 18:00:00,118.00348,118.0
2024-04-21 19:00:00,119.65977,120.0
2024-04-21 20:00:00,120.887276,122.0
2024-04-21 21:00:00,122.48985,123.0
2024-04-21 22:00:00,122.84142,123.0
2024-04-21 23:00:00,123.37206,125.0
2024-04-22 00:00:00,125.97127,125.0
2024-04-22 01:00:00,126.155716,126.0
2024-04-22 02:00:00,125.81986,127.0
2024-04-22 03:00:00,129.50496,128.0
2024-04-22 04:00:00,130.52126,129.0
2024-04-22 05:00:00,131.57076,131.0
2024-04-22 06:00:00,132.85309,132.0
2024-04-22 07:00:00,132.90689,134.0
2024-04-22 08:00:00,133.80528,135.0
2024-04-22 09:00:00,135.14926,136.0
2024-04-22 10:00:00,136.16898,136.0
2024-04-22 11:00:00,137.20496,136.0
2024-04-22 12:00:00,139.3312,136.0
2024-04-22 13:00:00,143.27,137.0
2024-04-22 14:00:00,149.75977,138.0
2024-04-22 15:00:00,158.99396,154.0
2024-04-22 16:00:00,176.85225,194.0
2024-04-22 17:00:00,200.6105,210.0
2024-04-22 18:00:00,205.40451,214.0
2024-04-22 19:00:00,201.59424,210.0
2024-04-22 20:00:00,192.37393,199.0
2024-04-22 21:00:00,179.4063,166.0
2024-04-22 22:00:00,158.94226,154.0
2024-04-22 23:00:00,152.71684,156.0
2024-04-23 00:00:00,153.18715,159.0
2024-04-23 01:00:00,154.34776,161.0
2024-04-23 02:00:00,155.41476,162.0
2024-04-23 03:00:00,156.06546,163.0
2024-04-23 04:00:00,156.97128,164.0
2024-04-23 05:00:00,158.14311,165.0
2024-04-23 06:00:00,159.52818,165.0
2024-04-23 07:00:00,160.70164,165.0
2024-04-23 08:00:00,162.18208,165.0
2024-04-23 09:00:00,163.79578,165.0
2024-04-23 10:00:00,165.67744,166.0
2024-04-23 11:00:00,168.29228,166.0
2024-04-23 12:00:00,171.0026,167.0
2024-04-23 13:00:00,175.50914,168.0
2024-04-23 14:00:00,181.17555,168.0
2024-04-23 15:00:00,188.19354,183.0
2024-04-23 16:00:00,202.67096,210.0
2024-04-23 17:00:00,219.13123,223.0
2024-04-23 18:00:00,224.0158,229.0
2024-04-23 19:00:00,222.32198,227.0
2024-04-23 20:00:00,213.40843,217.0
2024-04-23 21:00:00,199.83588,202.0
2024-04-23 22:00:00,184.64296,168.0
2024-04-23 23:00:00,164.02388,167.0
2024-04-24 00:00:00,162.5699,167.0
2024-04-24 01:00:00,160.844,167.0
2024-04-24 02:00:00,161.477,168.0
2024-04-24 03:00:00,163.14401,169.0
2024-04-24 04:00:00,165.44107,170.0
2024-04-24 05:00:00,167.71179,170.99999999999997
2024-04-24 06:00:00,169.8694,172.0
2024-04-24 07:00:00,171.39374,174.0
2024-04-24 08:00:00,172.21053,175.0
2024-04-24 09:00:00,171.90547,177.0
2024-04-24 10:00:00,172.91605,178.0
2024-04-24 11:00:00,173.76414,178.0
2024-04-24 12:00:00,174.74406,178.0
2024-04-24 13:00:00,176.19115,178.0
2024-04-24 14:00:00,177.85223,178.0
2024-04-24 15:00:00,180.33684,178.0
2024-04-24 16:00:00,183.493,181.0
2024-04-24 17:00:00,188.37268,202.0
2024-04-24 18:00:00,199.20442,205.0
2024-04-24 19:00:00,197.261,200.0
2024-04-24 20:00:00,191.42618,181.0
2024-04-24 21:00:00,180.7877,182.0
2024-04-24 22:00:00,181.65955,183.0
2024-04-24 23:00:00,180.92981,184.0
2024-04-25 00:00:00,181.19638,184.0
2024-04-25 01:00:00,180.73305,184.0
2024-04-25 02:00:00,180.45361,184.0
2024-04-25 03:00:00,180.42946,184.0
2024-04-25 04:00:00,180.74913,183.0
2024-04-25 05:00:00,180.61684,182.0
2024-04-25 06:00:00,180.36127,181.0
2024-04-25 07:00:00,179.98105,180.0
2024-04-25 08:00:00,179.38173,180.0
2024-04-25 09:00:00,179.03654,180.0
2024-04-25 10:00:00,178.848,180.0
2024-04-25 11:00:00,178.70631,180.0
2024-04-25 12:00:00,178.90417,181.0
2024-04-25 13:00:00,179.68169,181.0
2024-04-25 14:00:00,179.47105,182.0
2024-04-25 15:00:00,181.64493,182.0
2024-04-25 16:00:00,184.90074,183.0
2024-04-25 17:00:00,187.40251,189.0
2024-04-25 18:00:00,192.05412,203.0
2024-04-25 19:00:00,197.42546,204.0
2024-04-25 20:00:00,192.04485,195.0
2024-04-25 21:00:00,182.68901,180.0
2024-04-25 22:00:00,175.23431,178.0
2024-04-25 23:00:00,175.18178,176.0
2024-04-26 00:00:00,172.9898,175.0
2024-04-26 01:00:00,172.14967,173.0
2024-04-26 02:00:00,170.53534,172.0
2024-04-26 03:00:00,170.00343,170.0
2024-04-26 04:00:00,168.74435,170.0
2024-04-26 05:00:00,168.19293,170.0
2024-04-26 06:00:00,168.5129,169.0
2024-04-26 07:00:00,167.8845,169.0
2024-04-26 08:00:00,165.51862,168.0
2024-04-26 09:00:00,166.41144,166.0
2024-04-26 10:00:00,163.77698,165.0
2024-04-26 11:00:00,162.0148,164.0
2024-04-26 12:00:00,161.4983,162.0
2024-04-26 13:00:00,160.36725,161.0
2024-04-26 14:00:00,160.0223,159.99999999999997
2024-04-26 15:00:00,160.18155,159.0
2024-04-26 16:00:00,161.0225,163.0
2024-04-26 17:00:00,163.72054,174.0
2024-04-26 18:00:00,165.67276,170.0
2024-04-26 19:00:00,156.9937,153.0
2024-04-26 20:00:00,148.68398,152.0
2024-04-26 21:00:00,151.54582,151.0
2024-04-26 22:00:00,149.75844,151.0
2024-04-26 23:00:00,149.5661,151.0
2024-04-27 00:00:00,149.0874,150.0
2024-04-27 01:00:00,147.88422,148.0
2024-04-27 02:00:00,145.99747,147.0
2024-04-27 03:00:00,144.13547,146.0
2024-04-27 04:00:00,143.56314,144.0
2024-04-27 05:00:00,143.89684,143.0
2024-04-27 06:00:00,140.10127,141.0
2024-04-27 07:00:00,139.26024,139.0
2024-04-27 08:00:00,139.63504,139.0
2024-04-27 09:00:00,139.90442,140.0
2024-04-27 10:00:00,139.87187,140.0
2024-04-27 11:00:00,140.10493,141.0
2024-04-27 12:00:00,141.51572,142.0
2024-04-27 13:00:00,141.59566,142.0
2024-04-27 14:00:00,141.40251,142.0
2024-04-27 15:00:00,142.12015,142.0
2024-04-27 16:00:00,142.25087,143.0
2024-04-27 17:00:00,143.45357,143.0
2024-04-27 18:00:00,142.79143,144.0
2024-04-27 19:00:00,143.95787,144.0
2024-04-27 20:00:00,143.76917,144.0
2024-04-27 21:00:00,142.65735,143.0
2024-04-27 22:00:00,143.81883,143.0
2024-04-27 23:00:00,144.35477,144.0
2024-04-28 00:00:00,145.23279,145.0
2024-04-28 01:00:00,145.55864,146.0
2024-04-28 02:00:00,145.8182,147.0
2024-04-28 03:00:00,146.46661,147.0
2024-04-28 04:00:00,146.6911,147.0
2024-04-28 05:00:00,146.83984,147.0
2024-04-28 06:00:00,147.11285,147.0
2024-04-28 07:00:00,147.5423,148.0
2024-04-28 08:00:00,148.69415,147.0
2024-04-28 09:00:00,147.31332,148.0
2024-04-28 10:00:00,146.6582,148.0
2024-04-28 11:00:00,147.79251,147.0
2024-04-28 12:00:00,148.6088,147.0
2024-04-28 13:00:00,149.8139,147.0
2024-04-28 14:00:00,152.19212,148.0
2024-04-28 15:00:00,159.17975,149.00000000000003
2024-04-28 16:00:00,170.94395,182.0
2024-04-28 17:00:00,196.62712,205.0
2024-04-28 18:00:00,204.11905,210.0
2024-04-28 19:00:00,200.47867,207.0
2024-04-28 20:00:00,190.4403,200.0
2024-04-28 21:00:00,177.39282,176.0
2024-04-28 22:00:00,162.71758,155.0
2024-04-28 23:00:00,151.76561,156.0
2024-04-29 00:00:00,153.35341,156.0
2024-04-29 01:00:00,153.58015,157.0
2024-04-29 02:00:00,155.1325,157.0
2024-04-29 03:00:00,155.59769,158.0
2024-04-29 04:00:00,155.29153,158.0
2024-04-29 05:00:00,155.9319,159.0
2024-04-29 06:00:00,157.53351,159.0
2024-04-29 07:00:00,157.27415,159.99999999999997
2024-04-29 08:00:00,157.51294,159.99999999999997
2024-04-29 09:00:00,157.40338,159.99999999999997
2024-04-29 10:00:00,157.56792,159.0
2024-04-29 11:00:00,157.36557,159.0
2024-04-29 12:00:00,157.84982,159.0
2024-04-29 13:00:00,158.50362,159.0
2024-04-29 14:00:00,159.40416,159.0
2024-04-29 15:00:00,160.47446,159.0
2024-04-29 16:00:00,161.71994,158.0
2024-04-29 17:00:00,162.80067,174.0
2024-04-29 18:00:00,170.41037,177.0
2024-04-29 19:00:00,169.17586,164.0
2024-04-29 20:00:00,161.31636,156.0
2024-04-29 21:00:00,156.7357,155.0
2024-04-29 22:00:00,155.4172,155.0
2024-04-29 23:00:00,154.75264,154.0
2024-04-30 00:00:00,153.548,153.0
2024-04-30 01:00:00,152.14427,152.0
2024-04-30 02:00:00,150.56659,151.0
2024-04-30 03:00:00,148.90587,151.0
2024-04-30 04:00:00,147.52493,149.00000000000003
2024-04-30 05:00:00,145.10085,147.0
2024-04-30 06:00:00,142.88297,145.0
2024-04-30 07:00:00,140.87305,144.0
2024-04-30 08:00:00,139.8624,144.0
2024-04-30 09:00:00,139.84523,144.0
2024-04-30 10:00:00,140.34741,145.0
2024-04-30 11:00:00,141.69792,146.0
2024-04-30 12:00:00,143.66322,146.0
2024-04-30 13:00:00,146.1186,146.0
2024-04-30 14:00:00,149.6542,147.0
2024-04-30 15:00:00,154.93405,148.0
2024-04-30 16:00:00,161.72205,167.0
2024-04-30 17:00:00,176.24971,188.0
2024-04-30 18:00:00,185.5428,194.0
2024-04-30 19:00:00,183.20557,184.0
2024-04-30 20:00:00,171.42628,161.0
2024-04-30 21:00:00,157.41245,152.0
2024-04-30 22:00:00,152.55624,153.0
2024-04-30 23:00:00,152.91826,153.0
2024-05-01 00:00:00,153.36047,154.0
2024-05-01 01:00:00,154.9381,156.0
2024-05-01 02:00:00,157.00433,157.0
2024-05-01 03:00:00,158.20642,157.0
2024-05-01 04:00:00,158.21307,158.0
2024-05-01 05:00:00,157.80255,159.0
2024-05-01 06:00:00,158.28384,159.0
2024-05-01 07:00:00,160.32399,159.99999999999997
2024-05-01 08:00:00,159.99266,159.99999999999997
2024-05-01 09:00:00,159.28397,159.99999999999997
2024-05-01 10:00:00,160.02068,159.99999999999997
2024-05-01 11:00:00,159.85677,159.99999999999997
2024-05-01 12:00:00,159.82166,159.99999999999997
2024-05-01 13:00:00,159.76274,159.99999999999997
2024-05-01 14:00:00,159.57704,159.99999999999997
2024-05-01 15:00:00,159.16165,159.99999999999997
2024-05-01 16:00:00,158.81546,159.0
2024-05-01 17:00:00,158.66484,159.0
2024-05-01 18:00:00,158.63069,159.0
2024-05-01 19:00:00,158.44308,159.0
2024-05-01 20:00:00,158.62491,159.0
2024-05-01 21:00:00,158.71947,159.0
2024-05-01 22:00:00,158.87572,159.0
2024-05-01 23:00:00,159.05028,159.99999999999997
2024-05-02 00:00:00,160.10551,159.99999999999997
2024-05-02 01:00:00,158.91243,159.99999999999997
2024-05-02 02:00:00,158.76582,159.0
2024-05-02 03:00:00,158.9456,159.0
2024-05-02 04:00:00,157.36185,159.0
2024-05-02 05:00:00,158.20964,159.0
2024-05-02 06:00:00,158.9989,159.0
2024-05-02 07:00:00,158.79115,159.0
2024-05-02 08:00:00,158.38081,158.0
2024-05-02 09:00:00,156.8996,158.0
2024-05-02 10:00:00,156.12344,158.0
2024-05-02 11:00:00,156.84534,158.0
2024-05-02 12:00:00,158.27477,159.0
2024-05-02 13:00:00,160.98718,159.0
2024-05-02 14:00:00,164.1517,159.99999999999997
2024-05-02 15:00:00,169.07372,161.0
2024-05-02 16:00:00,175.56346,184.0
2024-05-02 17:00:00,191.51341,204.0
2024-05-02 18:00:00,199.47845,208.0
2024-05-02 19:00:00,196.26172,205.0
2024-05-02 20:00:00,188.06009,187.0
2024-05-02 21:00:00,173.08626,162.0
2024-05-02 22:00:00,158.07086,161.0
2024-05-02 23:00:00,155.98663,159.99999999999997
2024-05-03 00:00:00,152.93028,159.0
2024-05-03 01:00:00,151.09583,158.0
2024-05-03 02:00:00,149.21658,158.0
2024-05-03 03:00:00,148.0847,157.0
2024-05-03 04:00:00,146.92378,157.0
2024-05-03 05:00:00,146.68623,156.0
2024-05-03 06:00:00,146.4283,155.0
2024-05-03 07:00:00,146.88857,154.0
2024-05-03 08:00:00,147.9044,154.0
2024-05-03 09:00:00,150.01543,153.0
2024-05-03 10:00:00,152.30936,153.0
2024-05-03 11:00:00,155.86737,153.0
2024-05-03 12:00:00,160.1444,153.0
2024-05-03 13:00:00,165.49953,153.0
2024-05-03 14:00:00,172.34407,155.0
2024-05-03 15:00:00,182.17912,167.0
2024-05-03 16:00:00,198.32951,207.0
2024-05-03 17:00:00,225.02586,225.0
2024-05-03 18:00:00,234.21295,236.0
2024-05-03 19:00:00,237.35757,236.0
2024-05-03 20:00:00,230.81245,230.0
2024-05-03 21:00:00,220.0231,219.0
2024-05-03 22:00:00,205.7444,203.0
2024-05-03 23:00:00,188.80608,161.0
2024-05-04 00:00:00,162.73604,155.0
2024-05-04 01:00:00,157.63538,155.0
2024-05-04 02:00:00,153.9108,155.0
2024-05-04 03:00:00,151.62141,155.0
2024-05-04 04:00:00,149.14827,155.0
2024-05-04 05:00:00,146.92557,156.0
2024-05-04 06:00:00,145.7663,156.0
2024-05-04 07:00:00,144.9627,156.0
2024-05-04 08:00:00,145.29636,156.0
2024-05-04 09:00:00,146.7025,156.0
2024-05-04 10:00:00,149.07797,157.0
2024-05-04 11:00:00,152.7608,157.0
2024-05-04 12:00:00,156.79611,156.0
2024-05-04 13:00:00,161.30879,156.0
2024-05-04 14:00:00,167.32344,156.0
2024-05-04 15:00:00,174.59805,159.99999999999997
2024-05-04 16:00:00,185.39462,202.0
2024-05-04 17:00:00,211.59811,218.0
2024-05-04 18:00:00,217.72972,224.00000000000003
2024-05-04 19:00:00,217.24757,221.0
2024-05-04 20:00:00,208.59857,211.0
2024-05-04 21:00:00,195.82574,195.0
2024-05-04 22:00:00,180.24222,156.0
2024-05-04 23:00:00,157.24146,153.0
2024-05-05 00:00:00,154.53093,153.0
2024-05-05 01:00:00,151.66354,153.0
2024-05-05 02:00:00,150.18886,153.0
2024-05-05 03:00:00,148.25346,153.0
2024-05-05 04:00:00,146.29941,153.0
2024-05-05 05:00:00,144.63113,153.0
2024-05-05 06:00:00,143.40637,153.0
2024-05-05 07:00:00,142.75356,153.0
2024-05-05 08:00:00,142.79384,153.0
2024-05-05 09:00:00,143.69774,153.0
2024-05-05 10:00:00,145.72421,154.0
2024-05-05 11:00:00,149.59785,154.0
2024-05-05 12:00:00,154.60907,155.0
2024-05-05 13:00:00,162.01941,155.0
2024-05-05 14:00:00,171.63046,159.0
2024-05-05 15:00:00,186.7108,201.0
2024-05-05 16:00:00,218.79933,222.0
2024-05-05 17:00:00,233.18118,238.0
2024-05-05 18:00:00,242.19458,244.0
2024-05-05 19:00:00,239.76068,240.0
2024-05-05 20:00:00,229.11263,228.0
2024-05-05 21:00:00,213.75755,213.00000000000003
2024-05-05 22:00:00,196.83295,185.0
2024-05-05 23:00:00,175.75772,164.0
2024-05-06 00:00:00,162.57541,165.0
2024-05-06 01:00:00,161.56178,166.0
2024-05-06 02:00:00,161.45598,167.0
2024-05-06 03:00:00,163.34875,167.0
2024-05-06 04:00:00,165.16975,168.0
2024-05-06 05:00:00,165.73792,168.0
2024-05-06 06:00:00,165.65822,168.0
2024-05-06 07:00:00,165.22717,168.0
2024-05-06 08:00:00,163.69208,169.0
2024-05-06 09:00:00,163.86687,169.0
2024-05-06 10:00:00,164.77895,169.0
2024-05-06 11:00:00,166.39078,169.0
2024-05-06 12:00:00,169.47333,170.0
2024-05-06 13:00:00,174.4939,170.99999999999997
2024-05-06 14:00:00,181.69814,172.0
2024-05-06 15:00:00,191.8147,200.0
2024-05-06 16:00:00,214.54892,221.0
2024-05-06 17:00:00,228.09735,234.99999999999997
2024-05-06 18:00:00,234.69951,241.0
2024-05-06 19:00:00,232.05762,239.0
2024-05-06 20:00:00,221.94942,226.0
2024-05-06 21:00:00,206.4301,207.0
2024-05-06 22:00:00,189.97856,176.0
2024-05-06 23:00:00,172.18898,177.0
2024-05-07 00:00:00,173.08472,178.0
2024-05-07 01:00:00,172.55281,179.0
2024-05-07 02:00:00,174.20834,180.0
2024-05-07 03:00:00,175.99423,181.0
2024-05-07 04:00:00,177.91249,182.0
2024-05-07 05:00:00,179.73177,183.0
2024-05-07 06:00:00,181.1192,183.0
2024-05-07 07:00:00,181.3007,184.0
2024-05-07 08:00:00,181.31343,185.0
2024-05-07 09:00:00,181.37056,185.0
2024-05-07 10:00:00,180.68077,185.0
2024-05-07 11:00:00,180.14616,184.0
2024-05-07 12:00:00,179.26512,183.0
2024-05-07 13:00:00,178.859,182.0
2024-05-07 14:00:00,178.93867,180.0
2024-05-07 15:00:00,179.7484,179.0
2024-05-07 16:00:00,182.26521,178.0
2024-05-07 17:00:00,186.08154,201.0
2024-05-07 18:00:00,199.28426,206.0
2024-05-07 19:00:00,197.1361,203.0
2024-05-07 20:00:00,190.62465,184.0
2024-05-07 21:00:00,178.3034,176.0
2024-05-07 22:00:00,173.71596,176.0
2024-05-07 23:00:00,173.42413,176.0
2024-05-08 00:00:00,173.56668,176.0
2024-05-08 01:00:00,174.72278,177.0
2024-05-08 02:00:00,176.71022,177.0
2024-05-08 03:00:00,177.42316,178.0
2024-05-08 04:00:00,176.58014,179.0
2024-05-08 05:00:00,175.67085,179.0
2024-05-08 06:00:00,176.99612,180.0
2024-05-08 07:00:00,179.87958,181.0
2024-05-08 08:00:00,182.07874,181.0
2024-05-08 09:00:00,181.06041,182.0
2024-05-08 10:00:00,180.2827,182.0
2024-05-08 11:00:00,180.70183,182.0
2024-05-08 12:00:00,180.75275,182.0
2024-05-08 13:00:00,180.83377,182.0
2024-05-08 14:00:00,181.39314,183.0
2024-05-08 15:00:00,183.03575,183.0
2024-05-08 16:00:00,184.81969,182.0
2024-05-08 17:00:00,187.36299,198.0
2024-05-08 18:00:00,196.03418,202.0
2024-05-08 19:00:00,192.15616,194.0
2024-05-08 20:00:00,183.89241,182.0
2024-05-08 21:00:00,179.79915,183.0
2024-05-08 22:00:00,182.69867,184.0
2024-05-08 23:00:00,182.85239,185.0
2024-05-09 00:00:00,183.9754,186.0
2024-05-09 01:00:00,185.06398,187.0
2024-05-09 02:00:00,186.08017,188.0
2024-05-09 03:00:00,187.04124,189.0
2024-05-09 04:00:00,187.60666,189.0
2024-05-09 05:00:00,187.23315,190.0
2024-05-09 06:00:00,187.83426,190.0
2024-05-09 07:00:00,190.39519,191.0
2024-05-09 08:00:00,188.55707,191.0
2024-05-09 09:00:00,188.62914,192.0
2024-05-09 10:00:00,190.90158,192.0
2024-05-09 11:00:00,191.10387,193.0
2024-05-09 12:00:00,189.76918,193.0
2024-05-09 13:00:00,190.58752,193.0
2024-05-09 14:00:00,191.01431,193.0
2024-05-09 15:00:00,191.6251,193.0
2024-05-09 16:00:00,193.32594,195.0
2024-05-09 17:00:00,196.88538,207.0
2024-05-09 18:00:00,201.91776,208.0
2024-05-09 19:00:00,194.86751,200.0
2024-05-09 20:00:00,189.47124,192.0
2024-05-09 21:00:00,186.00606,190.0
2024-05-09 22:00:00,185.67584,189.0
2024-05-09 23:00:00,184.08559,186.0
2024-05-10 00:00:00,181.85748,184.0
2024-05-10 01:00:00,180.16856,182.0
2024-05-10 02:00:00,178.24025,180.0
2024-05-10 03:00:00,176.62785,179.0
2024-05-10 04:00:00,176.19061,177.0
2024-05-10 05:00:00,175.61069,176.0
2024-05-10 06:00:00,172.434,175.0
2024-05-10 07:00:00,172.7309,175.0
2024-05-10 08:00:00,173.61641,174.0
2024-05-10 09:00:00,172.27454,173.0
2024-05-10 10:00:00,170.58746,172.0
2024-05-10 11:00:00,170.0794,172.0
2024-05-10 12:00:00,170.63774,172.0
2024-05-10 13:00:00,171.51549,170.99999999999997
2024-05-10 14:00:00,172.06868,170.99999999999997
2024-05-10 15:00:00,174.32507,170.99999999999997
2024-05-10 16:00:00,177.36758,178.0
2024-05-10 17:00:00,183.38234,195.0
2024-05-10 18:00:00,189.15408,194.0
2024-05-10 19:00:00,182.34117,175.0
2024-05-10 20:00:00,170.11249,168.0
2024-05-10 21:00:00,165.58075,168.0
2024-05-10 22:00:00,164.25853,166.0
2024-05-10 23:00:00,162.40082,165.0
2024-05-11 00:00:00,161.9688,164.0
2024-05-11 01:00:00,161.90193,163.0
2024-05-11 02:00:00,162.00792,162.0
2024-05-11 03:00:00,161.79347,161.0
2024-05-11 04:00:00,161.20103,159.0
2024-05-11 05:00:00,159.28282,158.0
2024-05-11 06:00:00,156.98557,157.0
2024-05-11 07:00:00,155.54207,156.0
2024-05-11 08:00:00,153.5202,154.0
2024-05-11 09:00:00,150.98523,154.0
2024-05-11 10:00:00,150.59792,153.0
2024-05-11 11:00:00,151.86725,153.0
2024-05-11 12:00:00,154.92303,153.0
2024-05-11 13:00:00,159.56996,154.0
2024-05-11 14:00:00,167.39255,156.0
2024-05-11 15:00:00,178.80318,193.0
2024-05-11 16:00:00,206.19002,216.0
2024-05-11 17:00:00,219.95308,230.0
2024-05-11 18:00:00,226.25616,237.0
2024-05-11 19:00:00,223.76396,234.0
2024-05-11 20:00:00,213.7793,224.00000000000003
2024-05-11 21:00:00,200.50566,209.0
2024-05-11 22:00:00,184.83582,178.0
2024-05-11 23:00:00,164.64832,159.0
2024-05-12 00:00:00,154.7568,159.99999999999997
2024-05-12 01:00:00,155.34346,159.99999999999997
2024-05-12 02:00:00,155.57124,161.0
2024-05-12 03:00:00,157.46307,162.0
2024-05-12 04:00:00,159.38857,163.0
2024-05-12 05:00:00,161.30905,164.0
2024-05-12 06:00:00,163.09816,165.0
2024-05-12 07:00:00,164.46513,166.0
2024-05-12 08:00:00,165.11826,167.0
2024-05-12 09:00:00,165.20702,167.0
2024-05-12 10:00:00,164.96684,167.0
2024-05-12 11:00:00,164.6589,167.0
2024-05-12 12:00:00,164.37787,166.0
2024-05-12 13:00:00,164.06465,165.0
2024-05-12 14:00:00,164.38698,165.0
2024-05-12 15:00:00,165.55702,164.0
2024-05-12 16:00:00,166.90001,165.0
2024-05-12 17:00:00,169.76013,183.0
2024-05-12 18:00:00,178.05817,184.0
2024-05-12 19:00:00,172.27652,169.0
2024-05-12 20:00:00,161.81384,161.0
2024-05-12 21:00:00,158.51659,159.99999999999997
2024-05-12 22:00:00,158.43771,159.0
2024-05-12 23:00:00,157.52208,159.0
2024-05-13 00:00:00,157.60403,158.0
2024-05-13 01:00:00,156.88217,157.0
2024-05-13 02:00:00,155.81537,157.0
2024-05-13 03:00:00,155.37679,156.0
2024-05-13 04:00:00,156.08342,156.0
2024-05-13 05:00:00,154.48624,155.0
2024-05-13 06:00:00,155.40572,155.0
2024-05-13 07:00:00,154.19133,155.0
2024-05-13 08:00:00,154.46368,155.0
2024-05-13 09:00:00,154.7027,155.0
2024-05-13 10:00:00,154.99103,156.0
2024-05-13 11:00:00,155.85251,157.0
2024-05-13 12:00:00,156.96286,157.0
2024-05-13 13:00:00,158.5376,158.0
2024-05-13 14:00:00,161.89935,158.0
2024-05-13 15:00:00,166.08609,159.0
2024-05-13 16:00:00,172.58908,185.0
2024-05-13 17:00:00,189.04524,201.0
2024-05-13 18:00:00,192.29977,202.0
2024-05-13 19:00:00,186.2912,191.0
2024-05-13 20:00:00,175.93076,169.0
2024-05-13 21:00:00,161.94872,159.99999999999997
2024-05-13 22:00:00,156.5403,159.0
2024-05-13 23:00:00,155.2473,159.0
2024-05-14 00:00:00,154.47311,159.0
2024-05-14 01:00:00,154.00137,159.0
2024-05-14 02:00:00,153.56146,159.0
2024-05-14 03:00:00,153.24803,159.0
2024-05-14 04:00:00,153.11244,159.0
2024-05-14 05:00:00,153.14522,159.0
2024-05-14 06:00:00,153.32825,159.0
2024-05-14 07:00:00,153.64877,159.0
2024-05-14 08:00:00,154.19446,158.0
2024-05-14 09:00:00,154.71696,157.0
2024-05-14 10:00:00,155.55072,157.0
2024-05-14 11:00:00,157.23648,156.0
2024-05-14 12:00:00,158.90546,156.0
2024-05-14 13:00:00,161.53358,156.0
2024-05-14 14:00:00,164.5813,156.0
2024-05-14 15:00:00,168.40063,156.0
2024-05-14 16:00:00,173.35956,181.0
2024-05-14 17:00:00,188.98834,200.0
2024-05-14 18:00:00,196.07959,201.0
2024-05-14 19:00:00,191.9092,188.0
2024-05-14 20:00:00,180.3333,159.99999999999997
2024-05-14 21:00:00,164.80156,162.0
2024-05-14 22:00:00,165.92787,164.0
2024-05-14 23:00:00,165.60114,166.0
2024-05-15 00:00:00,166.52602,168.0
2024-05-15 01:00:00,166.88692,169.0
2024-05-15 02:00:00,166.77069,170.99999999999997
2024-05-15 03:00:00,167.31573,172.0
2024-05-15 04:00:00,167.53944,173.0
2024-05-15 05:00:00,168.1835,174.0
2024-05-15 06:00:00,169.15047,175.0
2024-05-15 07:00:00,170.48407,176.0
2024-05-15 08:00:00,172.07942,177.0
2024-05-15 09:00:00,173.8202,178.0
2024-05-15 10:00:00,175.57709,178.0
2024-05-15 11:00:00,176.8115,178.0
2024-05-15 12:00:00,177.85147,177.0
2024-05-15 13:00:00,178.1316,177.0
2024-05-15 14:00:00,178.55214,176.0
2024-05-15 15:00:00,177.96233,176.0
2024-05-15 16:00:00,177.50888,175.0
2024-05-15 17:00:00,176.436,184.0
2024-05-15 18:00:00,179.5482,185.0
2024-05-15 19:00:00,178.11739,174.0
2024-05-15 20:00:00,172.27788,172.0
2024-05-15 21:00:00,170.42416,170.0
2024-05-15 22:00:00,168.21048,168.0
2024-05-15 23:00:00,166.51152,167.0
2024-05-16 00:00:00,165.00833,166.0
2024-05-16 01:00:00,163.39098,165.0
2024-05-16 02:00:00,161.55621,164.0
2024-05-16 03:00:00,159.557,163.0
2024-05-16 04:00:00,157.53217,162.0
2024-05-16 05:00:00,155.61662,161.0
2024-05-16 06:00:00,153.95619,159.99999999999997
2024-05-16 07:00:00,152.70155,159.0
2024-05-16 08:00:00,152.00102,158.0
2024-05-16 09:00:00,152.04305,158.0
2024-05-16 10:00:00,153.37468,159.0
2024-05-16 11:00:00,155.90596,159.99999999999997
2024-05-16 12:00:00,159.21385,161.0
2024-05-16 13:00:00,163.4022,162.0
2024-05-16 14:00:00,168.68954,163.0
2024-05-16 15:00:00,175.3957,164.0
2024-05-16 16:00:00,184.04254,201.0
2024-05-16 17:00:00,207.80812,212.0
2024-05-16 18:00:00,211.5038,215.0
2024-05-16 19:00:00,210.46002,211.0
2024-05-16 20:00:00,203.4403,203.0
2024-05-16 21:00:00,193.85428,180.0
2024-05-16 22:00:00,178.37344,170.0
2024-05-16 23:00:00,171.84334,170.0
2024-05-17 00:00:00,169.89218,170.0
2024-05-17 01:00:00,168.0536,170.99999999999997
2024-05-17 02:00:00,166.81577,170.99999999999997
2024-05-17 03:00:00,164.95503,170.99999999999997
2024-05-17 04:00:00,163.44858,172.0
2024-05-17 05:00:00,162.70207,172.0
2024-05-17 06:00:00,161.9015,173.0
2024-05-17 07:00:00,162.07042,173.0
2024-05-17 08:00:00,162.14807,172.0
2024-05-17 09:00:00,162.43275,172.0
2024-05-17 10:00:00,163.55797,172.0
2024-05-17 11:00:00,165.00491,170.99999999999997
2024-05-17 12:00:00,166.40997,170.0
2024-05-17 13:00:00,168.26862,169.0
2024-05-17 14:00:00,170.60583,168.0
2024-05-17 15:00:00,173.69412,168.0
2024-05-17 16:00:00,178.33112,186.0
2024-05-17 17:00:00,190.90007,206.0
2024-05-17 18:00:00,200.47888,211.0
2024-05-17 19:00:00,199.94043,207.0
2024-05-17 20:00:00,193.62924,189.0
2024-05-17 21:00:00,180.80846,169.0
2024-05-17 22:00:00,169.94324,170.0
2024-05-17 23:00:00,170.13959,170.99999999999997
2024-05-18 00:00:00,169.71759,172.0
2024-05-18 01:00:00,169.8163,173.0
2024-05-18 02:00:00,169.3898,173.0
2024-05-18 03:00:00,168.50333,174.0
2024-05-18 04:00:00,168.32341,174.0
2024-05-18 05:00:00,167.94608,174.0
2024-05-18 06:00:00,168.19615,175.0
2024-05-18 07:00:00,169.39305,175.0
2024-05-18 08:00:00,170.60277,175.0
2024-05-18 09:00:00,172.29926,175.0
2024-05-18 10:00:00,174.4908,176.0
2024-05-18 11:00:00,177.54286,177.0
2024-05-18 12:00:00,180.74207,177.0
2024-05-18 13:00:00,183.67223,177.0
2024-05-18 14:00:00,186.83258,177.0
2024-05-18 15:00:00,190.33986,177.0
2024-05-18 16:00:00,194.5491,199.0
2024-05-18 17:00:00,207.9145,210.0
2024-05-18 18:00:00,211.43938,212.0
2024-05-18 19:00:00,209.08449,206.0
2024-05-18 20:00:00,201.04053,190.0
2024-05-18 21:00:00,188.68848,173.0
2024-05-18 22:00:00,178.10526,172.0
2024-05-18 23:00:00,176.13327,170.0
2024-05-19 00:00:00,173.14186,168.0
2024-05-19 01:00:00,170.69798,167.0
2024-05-19 02:00:00,168.33759,166.0
2024-05-19 03:00:00,165.83704,165.0
2024-05-19 04:00:00,163.37881,164.0
2024-05-19 05:00:00,160.99579,163.0
2024-05-19 06:00:00,158.78592,162.0
2024-05-19 07:00:00,156.83673,161.0
2024-05-19 08:00:00,155.24243,161.0
2024-05-19 09:00:00,154.44205,159.99999999999997
2024-05-19 10:00:00,153.4564,159.99999999999997
2024-05-19 11:00:00,153.37187,159.0
2024-05-19 12:00:00,154.28555,159.0
2024-05-19 13:00:00,158.41147,159.0
2024-05-19 14:00:00,164.20282,159.0
2024-05-19 15:00:00,170.7048,159.99999999999997
2024-05-19 16:00:00,180.1963,200.0
2024-05-19 17:00:00,205.98944,213.00000000000003
2024-05-19 18:00:00,211.09549,219.0
2024-05-19 19:00:00,211.06346,216.0
2024-05-19 20:00:00,202.77151,205.0
2024-05-19 21:00:00,190.6812,179.0
2024-05-19 22:00:00,173.23389,165.0
2024-05-19 23:00:00,165.05571,166.0
2024-05-20 00:00:00,164.49545,166.0
2024-05-20 01:00:00,163.25648,167.0
2024-05-20 02:00:00,163.1102,168.0
2024-05-20 03:00:00,162.73927,168.0
2024-05-20 04:00:00,162.14053,169.0
2024-05-20 05:00:00,162.2425,169.0
2024-05-20 06:00:00,161.98729,169.0
2024-05-20 07:00:00,162.0301,169.0
2024-05-20 08:00:00,162.24063,169.0
2024-05-20 09:00:00,162.7471,169.0
2024-05-20 10:00:00,163.62509,169.0
2024-05-20 11:00:00,164.55545,169.0
2024-05-20 12:00:00,165.55385,169.0
2024-05-20 13:00:00,166.61095,168.0
2024-05-20 14:00:00,167.28464,168.0
2024-05-20 15:00:00,168.52145,167.0
2024-05-20 16:00:00,169.31325,167.0
2024-05-20 17:00:00,170.84973,177.0
2024-05-20 18:00:00,176.09811,183.0
2024-05-20 19:00:00,177.1273,172.0
2024-05-20 20:00:00,170.15096,166.0
2024-05-20 21:00:00,166.79114,166.0
2024-05-20 22:00:00,166.08424,167.0
2024-05-20 23:00:00,166.42589,168.0
2024-05-21 00:00:00,166.93999,169.0
2024-05-21 01:00:00,167.65305,170.0
2024-05-21 02:00:00,168.74126,170.99999999999997
2024-05-21 03:00:00,170.20514,172.0
2024-05-21 04:00:00,171.71783,173.0
2024-05-21 05:00:00,173.35103,174.0
2024-05-21 06:00:00,174.93323,175.0
2024-05-21 07:00:00,176.27794,176.0
2024-05-21 08:00:00,177.23041,177.0
2024-05-21 09:00:00,177.80507,179.0
2024-05-21 10:00:00,178.74754,180.0
2024-05-21 11:00:00,179.16576,180.0
2024-05-21 12:00:00,179.64664,181.0
2024-05-21 13:00:00,181.84885,182.0
2024-05-21 14:00:00,184.92307,182.0
2024-05-21 15:00:00,187.36421,183.0
2024-05-21 16:00:00,190.92522,189.0
2024-05-21 17:00:00,196.66719,207.0
2024-05-21 18:00:00,205.4764,211.0
2024-05-21 19:00:00,203.97809,207.0
2024-05-21 20:00:00,197.89027,188.0
2024-05-21 21:00:00,186.07124,186.0
2024-05-21 22:00:00,184.20648,186.0
2024-05-21 23:00:00,181.93797,185.0
2024-05-22 00:00:00,179.89221,184.0
2024-05-22 01:00:00,177.6953,183.0
2024-05-22 02:00:00,175.4721,182.0
2024-05-22 03:00:00,173.43579,180.0
2024-05-22 04:00:00,171.28625,179.0
2024-05-22 05:00:00,170.0571,178.0
2024-05-22 06:00:00,169.14249,177.0
2024-05-22 07:00:00,168.68974,176.0
2024-05-22 08:00:00,168.67294,175.0
2024-05-22 09:00:00,169.03665,174.0
2024-05-22 10:00:00,169.90875,174.0
2024-05-22 11:00:00,171.69151,175.0
2024-05-22 12:00:00,174.16914,175.0
2024-05-22 13:00:00,176.47495,176.0
2024-05-22 14:00:00,179.6539,177.0
2024-05-22 15:00:00,183.13089,177.0
2024-05-22 16:00:00,186.92513,188.0
2024-05-22 17:00:00,195.81673,207.0
2024-05-22 18:00:00,205.24597,212.0
2024-05-22 19:00:00,204.82649,211.0
2024-05-22 20:00:00,200.4233,202.0
2024-05-22 21:00:00,191.71857,178.0
2024-05-22 22:00:00,178.67723,179.0
2024-05-22 23:00:00,179.87923,180.0
2024-05-23 00:00:00,179.8554,182.0
2024-05-23 01:00:00,181.4683,184.0
2024-05-23 02:00:00,182.63185,186.0
2024-05-23 03:00:00,183.8009,188.0
2024-05-23 04:00:00,185.05312,190.0
2024-05-23 05:00:00,186.43916,192.0
2024-05-23 06:00:00,187.97464,194.0
2024-05-23 07:00:00,189.65031,196.0
2024-05-23 08:00:00,191.43188,198.0
2024-05-23 09:00:00,193.24657,199.0
2024-05-23 10:00:00,194.6444,200.0
2024-05-23 11:00:00,196.22754,201.0
2024-05-23 12:00:00,197.90047,201.0
2024-05-23 13:00:00,199.32417,202.0
2024-05-23 14:00:00,201.46011,201.0
2024-05-23 15:00:00,202.89725,201.0
2024-05-23 16:00:00,205.42067,208.0
2024-05-23 17:00:00,210.6714,219.0
2024-05-23 18:00:00,215.04657,222.0
2024-05-23 19:00:00,213.00787,217.0
2024-05-23 20:00:00,206.28998,207.0
2024-05-23 21:00:00,198.18901,197.0
2024-05-23 22:00:00,191.31592,195.0
2024-05-23 23:00:00,189.085,192.0
2024-05-24 00:00:00,186.31705,190.0
2024-05-24 01:00:00,184.44936,188.0
2024-05-24 02:00:00,182.48633,186.0
2024-05-24 03:00:00,180.65405,184.0
2024-05-24 04:00:00,178.86755,182.0
2024-05-24 05:00:00,176.9964,180.0
2024-05-24 06:00:00,175.05011,178.0
2024-05-24 07:00:00,172.99875,177.0
2024-05-24 08:00:00,171.55144,174.0
2024-05-24 09:00:00,169.85178,172.0
2024-05-24 10:00:00,167.37662,170.0
2024-05-24 11:00:00,166.09921,168.0
2024-05-24 12:00:00,164.86964,167.0
2024-05-24 13:00:00,163.58894,165.0
2024-05-24 14:00:00,161.99747,164.0
2024-05-24 15:00:00,161.66695,163.0
2024-05-24 16:00:00,160.34529,161.0
2024-05-24 17:00:00,158.82025,159.99999999999997
2024-05-24 18:00:00,158.43085,159.0
2024-05-24 19:00:00,157.47726,158.0
2024-05-24 20:00:00,156.5369,157.0
2024-05-24 21:00:00,155.42664,156.0
2024-05-24 22:00:00,154.15828,155.0
2024-05-24 23:00:00,152.8101,153.0
2024-05-25 00:00:00,150.87999,152.0
2024-05-25 01:00:00,149.22827,151.0
2024-05-25 02:00:00,146.63777,148.0
2024-05-25 03:00:00,142.90114,144.0
2024-05-25 04:00:00,139.09966,140.0
2024-05-25 05:00:00,135.37906,137.0
2024-05-25 06:00:00,132.20403,133.0
2024-05-25 07:00:00,128.48074,129.0
2024-05-25 08:00:00,125.15307,126.0
2024-05-25 09:00:00,122.65196,123.0
2024-05-25 10:00:00,120.910095,122.0
2024-05-25 11:00:00,119.787865,121.0
2024-05-25 12:00:00,119.056816,120.0
2024-05-25 13:00:00,118.578926,120.0
2024-05-25 14:00:00,118.58478,120.0
2024-05-25 15:00:00,118.68103,119.0
2024-05-25 16:00:00,118.73465,120.0
2024-05-25 17:00:00,120.39766,121.0
2024-05-25 18:00:00,121.97004,123.0
2024-05-25 19:00:00,124.23825,126.0
2024-05-25 20:00:00,126.9022,128.0
2024-05-25 21:00:00,129.04547,130.0
2024-05-25 22:00:00,131.61516,133.0
2024-05-25 23:00:00,134.56036,135.0
2024-05-26 00:00:00,136.83566,138.0
2024-05-26 01:00:00,139.83607,140.0
2024-05-26 02:00:00,142.2561,143.0
2024-05-26 03:00:00,145.24966,147.0
2024-05-26 04:00:00,148.65195,150.0
2024-05-26 05:00:00,150.49802,151.0
2024-05-26 06:00:00,150.6823,152.0
2024-05-26 07:00:00,151.5645,153.0
2024-05-26 08:00:00,152.90198,153.0
2024-05-26 09:00:00,153.48036,154.0
2024-05-26 10:00:00,152.76758,154.0
2024-05-26 11:00:00,152.98587,154.0
2024-05-26 12:00:00,152.86407,154.0
2024-05-26 13:00:00,152.82442,154.0
2024-05-26 14:00:00,153.01102,154.0
2024-05-26 15:00:00,153.31714,154.0
2024-05-26 16:00:00,153.92897,154.0
2024-05-26 17:00:00,154.89021,155.0
2024-05-26 18:00:00,156.34694,162.0
2024-05-26 19:00:00,158.96544,158.0
2024-05-26 20:00:00,154.18066,155.0
2024-05-26 21:00:00,154.8854,156.0
2024-05-26 22:00:00,156.88725,157.0
2024-05-26 23:00:00,157.64474,158.0
2024-05-27 00:00:00,158.57428,159.0
2024-05-27 01:00:00,159.2716,159.99999999999997
2024-05-27 02:00:00,159.75504,161.0
2024-05-27 03:00:00,160.46718,161.0
2024-05-27 04:00:00,160.76022,162.0
2024-05-27 05:00:00,161.91167,162.0
2024-05-27 06:00:00,161.58052,163.0
2024-05-27 07:00:00,162.94826,163.0
2024-05-27 08:00:00,163.69579,164.0
2024-05-27 09:00:00,162.6991,165.0
2024-05-27 10:00:00,166.68073,165.0
2024-05-27 11:00:00,165.87047,166.0
2024-05-27 12:00:00,165.54198,166.0
2024-05-27 13:00:00,166.24754,167.0
2024-05-27 14:00:00,168.74284,167.0
2024-05-27 15:00:00,171.97014,167.0
2024-05-27 16:00:00,176.36374,181.0
2024-05-27 17:00:00,186.3653,200.0
2024-05-27 18:00:00,191.23917,201.0
2024-05-27 19:00:00,183.67754,189.0
2024-05-27 20:00:00,171.5138,166.0
2024-05-27 21:00:00,160.65912,165.0
2024-05-27 22:00:00,162.3844,165.0
2024-05-27 23:00:00,162.0478,164.0
2024-05-28 00:00:00,162.89503,164.0
2024-05-28 01:00:00,163.57773,163.0
2024-05-28 02:00:00,163.16849,163.0
2024-05-28 03:00:00,162.69032,162.0
2024-05-28 04:00:00,160.93474,162.0
2024-05-28 05:00:00,160.24396,162.0
2024-05-28 06:00:00,161.13138,161.0
2024-05-28 07:00:00,161.97015,161.0
2024-05-28 08:00:00,161.46336,161.0
2024-05-28 09:00:00,160.90367,159.99999999999997
2024-05-28 10:00:00,159.50945,159.99999999999997
2024-05-28 11:00:00,159.58893,159.99999999999997
2024-05-28 12:00:00,160.05687,159.99999999999997
2024-05-28 13:00:00,160.84686,159.0
2024-05-28 14:00:00,161.73149,159.0
2024-05-28 15:00:00,165.60785,159.0
2024-05-28 16:00:00,173.80676,179.0
2024-05-28 17:00:00,191.16483,203.0
2024-05-28 18:00:00,200.8664,208.0
2024-05-28 19:00:00,195.67632,204.0
2024-05-28 20:00:00,182.23747,186.0
2024-05-28 21:00:00,170.92726,163.0
2024-05-28 22:00:00,161.27263,164.0
2024-05-28 23:00:00,165.01065,165.0
2024-05-29 00:00:00,164.13153,166.0
2024-05-29 01:00:00,165.35114,167.0
2024-05-29 02:00:00,166.85054,168.0
2024-05-29 03:00:00,168.2968,169.0
2024-05-29 04:00:00,169.55855,170.0
2024-05-29 05:00:00,170.4741,170.99999999999997
2024-05-29 06:00:00,170.8946,173.0
2024-05-29 07:00:00,172.04349,174.0
2024-05-29 08:00:00,174.66351,176.0
2024-05-29 09:00:00,176.11702,177.0
2024-05-29 10:00:00,176.78862,178.0
2024-05-29 11:00:00,178.12051,178.0
2024-05-29 12:00:00,177.48561,179.0
2024-05-29 13:00:00,177.28578,179.0
2024-05-29 14:00:00,178.76077,180.0
2024-05-29 15:00:00,180.98282,180.0
2024-05-29 16:00:00,183.37605,180.0
2024-05-29 17:00:00,185.71094,197.0
2024-05-29 18:00:00,194.22084,201.0
2024-05-29 19:00:00,191.10507,188.0
2024-05-29 20:00:00,181.54608,182.0
2024-05-29 21:00:00,179.67947,182.0
2024-05-29 22:00:00,180.21753,183.0
2024-05-29 23:00:00,181.03894,184.0
2024-05-30 00:00:00,182.36803,185.0
2024-05-30 01:00:00,183.6903,185.0
2024-05-30 02:00:00,183.94125,186.0
2024-05-30 03:00:00,183.42328,186.0
2024-05-30 04:00:00,183.25204,186.0
2024-05-30 05:00:00,183.52809,186.0
2024-05-30 06:00:00,183.98459,185.0
2024-05-30 07:00:00,183.35075,185.0
2024-05-30 08:00:00,181.45517,184.0
2024-05-30 09:00:00,182.58365,183.0
2024-05-30 10:00:00,181.32663,183.0
2024-05-30 11:00:00,181.62254,183.0
2024-05-30 12:00:00,182.27618,184.0
2024-05-30 13:00:00,183.75067,184.0
2024-05-30 14:00:00,185.59966,185.0
2024-05-30 15:00:00,190.02032,185.0
2024-05-30 16:00:00,197.26755,206.0
2024-05-30 17:00:00,213.94238,221.0
2024-05-30 18:00:00,217.76978,228.0
2024-05-30 19:00:00,215.62657,224.00000000000003
2024-05-30 20:00:00,207.64426,214.0
2024-05-30 21:00:00,199.11969,200.0
2024-05-30 22:00:00,190.48442,192.0
2024-05-30 23:00:00,187.55954,193.0
2024-05-31 00:00:00,189.25574,194.0
2024-05-31 01:00:00,189.70644,194.0
2024-05-31 02:00:00,190.09976,195.0
2024-05-31 03:00:00,191.51581,196.0
2024-05-31 04:00:00,192.64743,196.0
2024-05-31 05:00:00,192.73328,197.0
2024-05-31 06:00:00,193.13988,197.0
2024-05-31 07:00:00,194.72003,198.0
2024-05-31 08:00:00,194.41039,198.0
2024-05-31 09:00:00,195.33618,199.0
2024-05-31 10:00:00,196.54666,200.0
2024-05-31 11:00:00,197.98781,200.0
2024-05-31 12:00:00,197.92717,200.0
2024-05-31 13:00:00,197.99283,199.0
2024-05-31 14:00:00,198.5959,199.0
2024-05-31 15:00:00,200.75139,199.0
2024-05-31 16:00:00,203.72736,205.0
2024-05-31 17:00:00,209.45805,217.0
2024-05-31 18:00:00,213.9323,220.0
2024-05-31 19:00:00,210.42575,215.0
2024-05-31 20:00:00,202.38953,203.0
2024-05-31 21:00:00,192.00922,191.0
2024-05-31 22:00:00,183.4761,190.0
2024-05-31 23:00:00,180.65015,188.0
